GEOID,n_listings,n_unique_hosts,n_entire_home,availability_365,number_of_reviews,share_entire_home
36005000200,5,5,2,360.0,2.8,0.4
36005000400,18,11,5,264.1666666666667,44.94444444444444,0.2777777777777778
36005001600,1,1,0,251.0,50.0,0.0
36005001902,4,4,1,135.25,24.5,0.25
36005002001,1,1,0,248.0,51.0,0.0
36005002002,3,3,2,364.0,23.333333333333332,0.6666666666666666
36005002300,3,3,0,211.0,11.0,0.0
36005002400,1,1,0,0.0,0.0,0.0
36005002500,8,8,4,217.75,29.5,0.5
36005002702,3,3,1,216.33333333333334,85.66666666666667,0.3333333333333333
36005002800,4,4,2,265.5,26.25,0.5
36005003300,4,2,2,249.75,0.0,0.5
36005003500,2,2,1,180.5,80.5,0.5
36005003700,2,2,2,147.5,44.5,1.0
36005003800,1,1,1,319.0,73.0,1.0
36005003900,12,9,1,92.66666666666667,20.5,0.08333333333333333
36005004001,2,1,2,364.5,4.5,1.0
36005004100,5,5,4,129.2,52.0,0.8
36005004200,3,2,0,276.0,40.666666666666664,0.0
36005004300,15,8,2,159.46666666666667,10.333333333333334,0.13333333333333333
36005004400,2,2,0,343.0,9.0,0.0
36005004600,1,1,0,179.0,0.0,0.0
36005004800,2,2,0,365.0,2.0,0.0
36005005200,1,1,1,0.0,0.0,1.0
36005005300,1,1,0,0.0,0.0,0.0
36005005902,1,1,0,179.0,0.0,0.0
36005006100,3,2,1,173.0,38.0,0.3333333333333333
36005006302,3,3,1,133.33333333333334,78.66666666666667,0.3333333333333333
36005006400,1,1,0,364.0,6.0,0.0
36005006900,5,3,2,203.8,34.8,0.4
36005007100,5,3,1,250.8,21.0,0.2
36005007300,3,3,0,227.0,34.333333333333336,0.0
36005007400,1,1,0,353.0,61.0,0.0
36005007500,6,5,0,234.66666666666666,36.5,0.0
36005007700,2,2,0,76.0,18.0,0.0
36005007800,2,2,0,332.5,76.0,0.0
36005007900,4,3,0,238.5,87.25,0.0
36005008300,6,6,3,144.16666666666666,13.5,0.5
36005008400,4,3,2,330.5,30.0,0.5
36005008500,4,3,1,154.0,1.75,0.25
36005008700,2,2,1,226.0,10.0,0.5
36005009200,3,3,2,359.0,54.666666666666664,0.6666666666666666
36005009301,17,8,2,216.0,17.823529411764707,0.11764705882352941
36005009302,1,1,0,0.0,0.0,0.0
36005009800,5,4,3,339.6,14.8,0.6
36005011701,2,2,0,122.5,43.0,0.0
36005012701,1,1,0,0.0,0.0,0.0
36005012901,2,2,0,364.0,5.5,0.0
36005013000,1,1,0,364.0,249.0,0.0
36005013200,10,8,6,270.0,15.3,0.6
36005013300,6,5,3,75.5,54.5,0.5
36005013500,5,4,0,97.4,47.6,0.0
36005014100,7,6,2,167.71428571428572,80.0,0.2857142857142857
36005014400,1,1,0,89.0,4.0,0.0
36005014500,3,3,1,232.33333333333334,11.0,0.3333333333333333
36005015200,1,1,1,87.0,0.0,1.0
36005015300,2,2,1,124.5,29.0,0.5
36005015700,2,2,1,182.0,32.5,0.5
36005016000,8,7,6,280.75,6.875,0.75
36005016100,3,2,1,211.66666666666666,11.333333333333334,0.3333333333333333
36005016500,1,1,0,270.0,0.0,0.0
36005016600,5,3,2,233.4,7.4,0.4
36005016700,1,1,1,174.0,11.0,1.0
36005016900,2,2,1,269.5,39.5,0.5
36005017100,1,1,0,365.0,9.0,0.0
36005017300,6,5,3,191.0,46.833333333333336,0.5
36005017701,2,2,0,88.5,46.0,0.0
36005017901,5,4,1,353.4,43.4,0.2
36005017902,1,1,1,279.0,0.0,1.0
36005018101,4,3,0,168.5,19.5,0.0
36005018102,2,2,0,364.5,35.0,0.0
36005018302,3,2,2,226.33333333333334,25.333333333333332,0.6666666666666666
36005018501,1,1,1,0.0,10.0,1.0
36005018502,4,4,2,91.0,2.0,0.5
36005018900,6,6,2,122.33333333333333,18.833333333333332,0.3333333333333333
36005019300,2,2,1,201.5,9.5,0.5
36005019400,4,3,3,67.25,16.5,0.75
36005019700,8,8,3,245.75,17.25,0.375
36005019900,4,4,1,203.25,15.0,0.25
36005020200,3,2,2,273.0,2.6666666666666665,0.6666666666666666
36005020502,2,1,0,282.0,19.0,0.0
36005020900,1,1,0,365.0,66.0,0.0
36005021001,4,4,4,207.5,13.25,1.0
36005021002,2,2,0,182.5,5.5,0.0
36005021200,3,3,0,332.3333333333333,16.666666666666668,0.0
36005021301,1,1,0,267.0,0.0,0.0
36005021302,1,1,0,365.0,7.0,0.0
36005021502,1,1,0,89.0,5.0,0.0
36005021700,3,3,2,189.66666666666666,2.0,0.6666666666666666
36005021800,11,8,6,204.36363636363637,6.7272727272727275,0.5454545454545454
36005022000,1,1,0,328.0,18.0,0.0
36005022102,2,2,1,303.5,28.5,0.5
36005022401,1,1,0,365.0,4.0,0.0
36005022403,8,8,2,185.5,29.75,0.25
36005022404,3,3,1,239.66666666666666,51.333333333333336,0.3333333333333333
36005022500,6,6,3,236.5,49.666666666666664,0.5
36005022701,6,4,1,191.66666666666666,36.166666666666664,0.16666666666666666
36005022702,1,1,0,363.0,169.0,0.0
36005022703,3,3,0,179.33333333333334,3.0,0.0
36005022800,8,7,3,191.5,13.625,0.375
36005022901,10,2,0,326.3,14.8,0.0
36005022902,4,1,0,285.0,11.5,0.0
36005023000,3,2,1,268.0,28.666666666666668,0.3333333333333333
36005023100,4,2,0,365.0,20.0,0.0
36005023200,3,3,3,317.3333333333333,49.666666666666664,1.0
36005023301,2,2,1,316.0,41.5,0.5
36005023302,4,3,1,203.0,79.0,0.25
36005023502,5,5,0,231.0,6.4,0.0
36005023600,3,2,2,339.0,65.66666666666667,0.6666666666666666
36005023703,2,2,0,269.0,3.5,0.0
36005023800,1,1,1,365.0,6.0,1.0
36005023900,6,6,1,222.83333333333334,21.666666666666668,0.16666666666666666
36005024000,1,1,1,365.0,0.0,1.0
36005024100,2,2,1,206.0,62.0,0.5
36005024300,3,3,1,132.66666666666666,17.333333333333332,0.3333333333333333
36005024400,1,1,0,121.0,12.0,0.0
36005024501,2,1,0,0.0,17.5,0.0
36005024600,8,3,4,131.5,50.25,0.5
36005024800,4,4,1,243.75,20.25,0.25
36005025000,2,2,2,147.0,44.5,1.0
36005025100,4,2,1,269.75,0.25,0.25
36005025300,2,1,0,170.5,53.0,0.0
36005025400,1,1,1,0.0,2.0,1.0
36005026300,5,5,1,128.4,21.4,0.2
36005026400,4,3,4,320.0,23.5,1.0
36005026500,7,5,1,115.71428571428571,40.285714285714285,0.14285714285714285
36005026601,2,2,1,271.0,28.5,0.5
36005026602,3,3,2,179.33333333333334,7.333333333333333,0.6666666666666666
36005026701,1,1,0,209.0,0.0,0.0
36005026702,7,6,3,191.28571428571428,7.428571428571429,0.42857142857142855
36005026900,5,5,3,146.0,5.4,0.6
36005027300,2,2,1,0.0,2.0,0.5
36005027401,2,2,1,45.0,13.0,0.5
36005027402,4,3,2,266.75,0.75,0.5
36005027700,2,2,2,198.0,11.0,1.0
36005027900,7,7,5,80.57142857142857,17.0,0.7142857142857143
36005028100,3,3,2,120.0,2.6666666666666665,0.6666666666666666
36005028300,4,4,1,44.75,5.25,0.25
36005028500,4,4,1,22.0,0.75,0.25
36005028600,5,3,2,185.2,36.0,0.4
36005028700,4,3,2,107.5,24.5,0.5
36005028800,5,2,1,287.2,9.8,0.2
36005029302,4,4,2,248.0,38.0,0.5
36005029500,7,6,4,170.57142857142858,36.57142857142857,0.5714285714285714
36005029700,3,3,3,121.33333333333333,2.6666666666666665,1.0
36005030201,4,3,2,255.0,14.25,0.5
36005030202,1,1,0,365.0,40.0,0.0
36005030900,2,2,2,313.0,5.0,1.0
36005031000,5,4,2,245.6,80.6,0.4
36005031200,6,6,4,232.5,92.66666666666667,0.6666666666666666
36005031400,2,2,2,89.5,5.0,1.0
36005031600,10,5,0,284.8,16.4,0.0
36005031800,2,2,1,365.0,8.5,0.5
36005031900,1,1,0,0.0,0.0,0.0
36005032300,1,1,0,364.0,0.0,0.0
36005032400,2,2,1,222.5,0.5,0.5
36005032600,4,2,0,319.25,73.75,0.0
36005032800,7,5,3,231.85714285714286,41.285714285714285,0.42857142857142855
36005033000,7,5,2,239.14285714285714,18.285714285714285,0.2857142857142857
36005033202,1,1,0,365.0,2.0,0.0
36005033700,2,2,2,238.5,29.5,1.0
36005033801,1,1,0,0.0,0.0,0.0
36005033802,1,1,1,270.0,0.0,1.0
36005034000,3,3,3,110.0,35.333333333333336,1.0
36005034200,5,3,4,288.2,23.0,0.8
36005034300,1,1,0,0.0,0.0,0.0
36005034400,5,4,4,173.6,67.0,0.8
36005034500,6,4,5,125.83333333333333,10.0,0.8333333333333334
36005034800,6,6,3,230.16666666666666,57.0,0.5
36005035000,7,5,5,290.85714285714283,50.57142857142857,0.7142857142857143
36005035100,3,3,1,320.0,45.333333333333336,0.3333333333333333
36005035600,6,5,3,287.3333333333333,13.833333333333334,0.5
36005035800,8,8,5,275.0,47.25,0.625
36005035900,3,3,2,240.0,1.0,0.6666666666666666
36005036000,10,6,3,308.3,55.9,0.3
36005036400,3,3,2,181.33333333333334,10.666666666666666,0.6666666666666666
36005036501,1,1,0,269.0,0.0,0.0
36005036502,1,1,0,0.0,11.0,0.0
36005036700,2,2,0,182.5,12.5,0.0
36005036800,5,2,1,245.4,6.4,0.2
36005036901,2,2,0,0.0,0.0,0.0
36005036902,3,1,0,364.6666666666667,8.333333333333334,0.0
36005037000,2,2,2,213.0,100.0,1.0
36005037100,2,2,1,183.5,0.5,0.5
36005037200,1,1,0,0.0,3.0,0.0
36005037300,4,4,2,219.75,31.25,0.5
36005037400,1,1,0,358.0,0.0,0.0
36005037504,1,1,0,365.0,6.0,0.0
36005038000,7,6,3,137.0,14.571428571428571,0.42857142857142855
36005038100,7,7,1,215.71428571428572,18.142857142857142,0.14285714285714285
36005038200,6,3,0,180.5,16.666666666666668,0.0
36005038500,2,2,0,135.5,100.5,0.0
36005038600,6,5,4,195.33333333333334,32.5,0.6666666666666666
36005038700,2,2,1,365.0,20.0,0.5
36005038800,5,3,3,120.4,21.8,0.6
36005038900,7,4,3,136.42857142857142,2.5714285714285716,0.42857142857142855
36005039000,4,3,1,54.25,14.5,0.25
36005039100,8,5,2,270.625,10.0,0.25
36005039200,3,2,0,334.6666666666667,2.3333333333333335,0.0
36005039300,2,2,1,249.5,47.5,0.5
36005039400,2,2,0,168.5,172.0,0.0
36005039600,8,5,1,296.0,9.0,0.125
36005039800,4,3,3,340.25,5.5,0.75
36005039901,2,2,0,182.5,5.0,0.0
36005039902,1,1,1,0.0,7.0,1.0
36005040100,2,2,0,45.0,8.0,0.0
36005040302,2,2,1,365.0,3.5,0.5
36005040304,1,1,0,0.0,0.0,0.0
36005040400,3,2,2,211.66666666666666,13.666666666666666,0.6666666666666666
36005040501,4,3,2,148.75,4.25,0.5
36005040502,9,3,0,160.66666666666666,10.666666666666666,0.0
36005040600,4,2,0,146.75,51.0,0.0
36005040702,4,4,2,89.75,12.5,0.5
36005040800,2,1,0,180.0,48.5,0.0
36005040900,3,3,1,218.0,18.666666666666668,0.3333333333333333
36005041100,3,3,2,352.6666666666667,5.0,0.6666666666666666
36005041300,7,6,2,191.42857142857142,7.142857142857143,0.2857142857142857
36005041400,1,1,0,365.0,10.0,0.0
36005041500,1,1,0,365.0,7.0,0.0
36005041800,15,7,4,321.4,35.6,0.26666666666666666
36005042000,3,3,1,139.66666666666666,32.666666666666664,0.3333333333333333
36005042100,2,2,2,0.0,0.5,1.0
36005042200,2,2,1,182.0,1.0,0.5
36005042300,6,3,1,316.0,24.666666666666668,0.16666666666666666
36005042400,1,1,0,178.0,23.0,0.0
36005042600,24,18,8,267.7916666666667,23.583333333333332,0.3333333333333333
36005042800,4,3,1,182.5,26.5,0.25
36005042901,3,3,1,296.3333333333333,6.333333333333333,0.3333333333333333
36005042902,2,2,1,182.5,0.0,0.5
36005043000,3,3,2,365.0,10.666666666666666,0.6666666666666666
36005043101,1,1,1,365.0,0.0,1.0
36005043102,3,3,0,353.0,8.333333333333334,0.0
36005043400,3,3,1,121.66666666666667,22.0,0.3333333333333333
36005043503,1,1,0,185.0,10.0,0.0
36005044200,5,4,1,161.4,38.6,0.2
36005044400,11,9,6,167.1818181818182,14.363636363636363,0.5454545454545454
36005044800,5,3,3,157.4,29.6,0.6
36005044901,1,1,1,99.0,15.0,1.0
36005045101,1,1,1,363.0,0.0,1.0
36005045102,7,5,6,274.42857142857144,7.714285714285714,0.8571428571428571
36005045600,5,3,0,292.0,0.8,0.0
36005046000,3,3,0,173.66666666666666,21.333333333333332,0.0
36005046205,1,1,0,0.0,0.0,0.0
36005046208,3,3,1,204.0,28.666666666666668,0.3333333333333333
36005046209,7,1,3,350.7142857142857,24.0,0.42857142857142855
36005051601,19,17,15,237.31578947368422,41.26315789473684,0.7894736842105263
36047000100,14,12,12,99.35714285714286,22.642857142857142,0.8571428571428571
36047000301,8,8,7,45.25,21.25,0.875
36047000501,4,4,3,172.25,4.25,0.75
36047000502,11,11,10,56.0,8.545454545454545,0.9090909090909091
36047000700,21,17,18,78.33333333333333,14.285714285714286,0.8571428571428571
36047001501,37,28,20,95.24324324324324,42.32432432432432,0.5405405405405406
36047001502,14,14,9,119.28571428571429,1.9285714285714286,0.6428571428571429
36047001801,1,1,0,364.0,0.0,0.0
36047001802,4,4,2,115.25,66.75,0.5
36047001804,1,1,0,0.0,0.0,0.0
36047002000,3,3,0,307.6666666666667,138.66666666666666,0.0
36047002100,49,43,40,130.12244897959184,45.204081632653065,0.8163265306122449
36047002200,9,7,2,148.88888888888889,18.333333333333332,0.2222222222222222
36047002300,12,12,7,167.58333333333334,16.333333333333332,0.5833333333333334
36047002901,2,2,1,182.5,0.5,0.5
36047003000,1,1,0,0.0,0.0,0.0
36047003101,10,10,8,274.9,19.9,0.8
36047003102,9,8,6,145.88888888888889,103.11111111111111,0.6666666666666666
36047003400,4,4,2,171.25,13.25,0.5
36047003600,2,2,1,273.0,3.0,0.5
36047003800,1,1,1,61.0,17.0,1.0
36047004100,40,31,30,147.375,53.1,0.75
36047004500,22,20,17,87.86363636363636,36.95454545454545,0.7727272727272727
36047004600,1,1,0,291.0,4.0,0.0
36047004700,7,7,7,57.142857142857146,38.857142857142854,1.0
36047004900,10,10,8,141.6,40.4,0.8
36047005100,11,11,9,100.63636363636364,62.90909090909091,0.8181818181818182
36047005201,2,2,1,44.5,9.0,0.5
36047005202,1,1,1,365.0,0.0,1.0
36047005301,20,19,15,162.95,59.65,0.75
36047005302,2,2,1,76.0,2.0,0.5
36047005400,9,7,6,162.55555555555554,2.6666666666666665,0.6666666666666666
36047005601,3,3,1,172.33333333333334,18.666666666666668,0.3333333333333333
36047005800,73,8,68,246.78082191780823,50.43835616438356,0.9315068493150684
36047005900,14,14,11,148.5,19.428571428571427,0.7857142857142857
36047006000,8,8,7,131.0,16.875,0.875
36047006200,9,6,1,140.55555555555554,43.111111111111114,0.1111111111111111
36047006300,10,9,8,141.3,35.0,0.8
36047006400,11,7,8,235.1818181818182,13.363636363636363,0.7272727272727273
36047006500,41,37,30,134.8048780487805,68.5609756097561,0.7317073170731707
36047006600,9,8,6,96.44444444444444,7.777777777777778,0.6666666666666666
36047006700,10,10,9,100.2,52.9,0.9
36047006800,18,12,7,182.16666666666666,18.5,0.3888888888888889
36047006902,25,24,21,100.48,25.6,0.84
36047007000,9,5,3,317.55555555555554,39.0,0.3333333333333333
36047007100,27,21,23,212.2962962962963,30.814814814814813,0.8518518518518519
36047007400,7,7,2,63.142857142857146,1.8571428571428572,0.2857142857142857
36047007500,45,43,33,98.66666666666667,43.355555555555554,0.7333333333333333
36047007600,14,12,5,196.5,69.85714285714286,0.35714285714285715
36047007800,9,8,5,147.11111111111111,77.33333333333333,0.5555555555555556
36047008000,11,8,4,193.8181818181818,26.727272727272727,0.36363636363636365
36047008200,14,12,3,205.0,60.285714285714285,0.21428571428571427
36047008400,23,16,3,171.7391304347826,64.65217391304348,0.13043478260869565
36047008500,4,4,2,65.5,17.5,0.5
36047008600,6,4,3,194.33333333333334,42.0,0.5
36047008800,11,8,3,131.9090909090909,60.81818181818182,0.2727272727272727
36047009001,4,2,0,145.0,24.25,0.0
36047009002,3,3,0,148.0,81.0,0.0
36047009201,4,3,0,147.5,27.75,0.0
36047009202,3,3,2,240.0,58.333333333333336,0.6666666666666666
36047009401,9,9,2,148.44444444444446,62.77777777777778,0.2222222222222222
36047009402,5,4,0,213.6,19.4,0.0
36047009600,13,10,2,186.76923076923077,13.615384615384615,0.15384615384615385
36047009800,2,2,2,68.5,112.0,1.0
36047010000,7,4,2,90.42857142857143,17.0,0.2857142857142857
36047010100,17,15,8,143.76470588235293,57.88235294117647,0.47058823529411764
36047010200,1,1,0,324.0,0.0,0.0
36047010401,5,3,0,281.6,12.2,0.0
36047010601,1,1,0,344.0,99.0,0.0
36047010602,2,1,0,0.0,9.5,0.0
36047010802,3,1,0,0.0,12.666666666666666,0.0
36047011000,7,5,0,78.71428571428571,18.0,0.0
36047011200,11,5,3,256.90909090909093,17.363636363636363,0.2727272727272727
36047011400,6,4,0,60.666666666666664,5.0,0.0
36047011600,4,2,0,91.25,18.75,0.0
36047011700,33,27,19,169.15151515151516,60.57575757575758,0.5757575757575758
36047011800,2,2,2,257.0,97.5,1.0
36047011902,1,1,1,365.0,0.0,1.0
36047012100,20,16,11,131.75,87.75,0.55
36047012200,4,4,1,75.0,4.0,0.25
36047012600,11,4,0,158.1818181818182,6.090909090909091,0.0
36047012700,19,15,14,131.21052631578948,19.894736842105264,0.7368421052631579
36047012801,2,2,0,181.5,12.0,0.0
36047012902,23,19,15,141.08695652173913,44.65217391304348,0.6521739130434783
36047013000,11,5,1,160.0,15.454545454545455,0.09090909090909091
36047013400,6,5,1,152.66666666666666,11.833333333333334,0.16666666666666666
36047013500,18,17,14,126.33333333333333,36.44444444444444,0.7777777777777778
36047013600,9,7,1,177.66666666666666,34.44444444444444,0.1111111111111111
36047013700,24,22,18,131.0,31.041666666666668,0.75
36047013800,4,3,0,174.25,46.0,0.0
36047013900,35,33,25,98.05714285714286,52.22857142857143,0.7142857142857143
36047014000,2,1,0,365.0,44.5,0.0
36047014101,19,17,15,153.26315789473685,50.1578947368421,0.7894736842105263
36047014102,14,13,10,102.21428571428571,3.0,0.7142857142857143
36047014200,7,5,1,287.7142857142857,50.142857142857146,0.14285714285714285
36047014300,42,38,25,120.83333333333333,34.595238095238095,0.5952380952380952
36047014500,32,26,15,140.96875,33.84375,0.46875
36047014700,12,10,10,187.33333333333334,30.5,0.8333333333333334
36047014800,2,1,2,365.0,0.0,1.0
36047014901,11,11,10,147.36363636363637,23.90909090909091,0.9090909090909091
36047014902,36,33,29,129.52777777777777,34.388888888888886,0.8055555555555556
36047015000,1,1,0,364.0,0.0,0.0
36047015500,36,27,26,137.05555555555554,64.33333333333333,0.7222222222222222
36047015700,25,24,17,151.48,56.12,0.68
36047015900,22,21,16,138.5,88.36363636363636,0.7272727272727273
36047016000,2,2,1,339.0,47.5,0.5
36047016100,42,38,26,94.04761904761905,41.61904761904762,0.6190476190476191
36047016300,27,25,18,85.62962962962963,67.81481481481481,0.6666666666666666
36047016400,1,1,0,363.0,9.0,0.0
36047016500,15,15,11,81.06666666666666,36.0,0.7333333333333333
36047016800,4,3,2,237.75,51.5,0.5
36047017000,3,3,1,218.66666666666666,5.0,0.3333333333333333
36047017200,2,2,1,303.0,100.0,0.5
36047017400,2,2,0,353.0,33.5,0.0
36047017600,2,2,1,271.0,0.5,0.5
36047017800,2,2,2,57.0,1.0,1.0
36047017900,14,12,10,155.57142857142858,32.357142857142854,0.7142857142857143
36047018000,3,3,2,335.6666666666667,155.66666666666666,0.6666666666666666
36047018200,3,3,2,266.3333333333333,81.0,0.6666666666666666
36047018300,31,29,19,124.0,51.61290322580645,0.6129032258064516
36047018400,2,2,2,0.0,11.0,1.0
36047018501,17,15,11,167.52941176470588,32.470588235294116,0.6470588235294118
36047018600,2,2,0,286.5,73.5,0.0
36047018700,23,23,14,120.34782608695652,20.956521739130434,0.6086956521739131
36047019000,3,3,3,355.3333333333333,65.33333333333333,1.0
36047019100,43,41,22,67.72093023255815,53.16279069767442,0.5116279069767442
36047019200,2,2,0,0.0,29.5,0.0
36047019300,43,39,26,118.65116279069767,14.790697674418604,0.6046511627906976
36047019400,2,2,0,61.0,8.0,0.0
36047019500,30,25,15,162.1,17.1,0.5
36047019600,3,1,0,135.66666666666666,33.333333333333336,0.0
36047019700,37,35,25,132.83783783783784,65.56756756756756,0.6756756756756757
36047019800,4,3,4,158.25,8.5,1.0
36047019900,85,49,71,171.83529411764707,14.31764705882353,0.8352941176470589
36047020100,55,50,31,116.67272727272727,39.03636363636364,0.5636363636363636
36047020300,45,40,35,135.6,21.177777777777777,0.7777777777777778
36047020500,52,51,42,111.8076923076923,36.63461538461539,0.8076923076923077
36047020600,1,1,1,59.0,3.0,1.0
36047020800,1,1,1,117.0,1.0,1.0
36047021000,1,1,0,0.0,76.0,0.0
36047021100,35,23,15,131.74285714285713,20.0,0.42857142857142855
36047021300,15,12,8,91.93333333333334,4.6,0.5333333333333333
36047021600,1,1,0,0.0,11.0,0.0
36047021700,36,35,21,118.66666666666667,15.166666666666666,0.5833333333333334
36047021900,53,45,21,138.67924528301887,31.867924528301888,0.39622641509433965
36047022100,55,43,12,160.36363636363637,16.345454545454544,0.21818181818181817
36047022400,5,4,3,216.2,19.8,0.6
36047022700,65,47,26,191.1076923076923,29.615384615384617,0.4
36047022800,2,2,1,78.0,2.5,0.5
36047022900,71,63,49,138.67605633802816,30.492957746478872,0.6901408450704225
36047023100,49,38,29,136.6326530612245,39.816326530612244,0.5918367346938775
36047023300,63,52,26,109.6984126984127,28.206349206349206,0.4126984126984127
36047023400,1,1,1,365.0,192.0,1.0
36047023500,52,32,12,183.07692307692307,28.673076923076923,0.23076923076923078
36047024000,1,1,0,0.0,39.0,0.0
36047024600,1,1,1,267.0,101.0,1.0
36047024900,45,35,19,181.55555555555554,36.55555555555556,0.4222222222222222
36047025200,3,3,3,130.33333333333334,80.33333333333333,1.0
36047025500,11,11,8,63.63636363636363,32.72727272727273,0.7272727272727273
36047025600,2,2,2,361.5,26.5,1.0
36047025700,29,27,3,82.79310344827586,8.89655172413793,0.10344827586206896
36047025800,4,3,4,198.0,15.0,1.0
36047025901,43,32,15,163.34883720930233,20.325581395348838,0.3488372093023256
36047025902,14,8,3,248.57142857142858,32.642857142857146,0.21428571428571427
36047026000,5,3,1,263.2,12.8,0.2
36047026200,2,2,2,182.5,3.0,1.0
36047026500,75,53,25,168.98666666666668,42.8,0.3333333333333333
36047026700,71,54,47,181.80281690140845,58.61971830985915,0.6619718309859155
36047026900,50,29,24,242.14,53.28,0.48
36047027000,3,3,1,0.0,1.6666666666666667,0.3333333333333333
36047027300,46,36,29,181.95652173913044,66.04347826086956,0.6304347826086957
36047027400,1,1,1,269.0,19.0,1.0
36047027500,78,52,31,198.55128205128204,47.42307692307692,0.3974358974358974
36047027600,6,5,3,102.66666666666667,37.166666666666664,0.5
36047027700,43,39,26,177.7906976744186,64.69767441860465,0.6046511627906976
36047027800,3,3,2,174.33333333333334,27.333333333333332,0.6666666666666666
36047027900,87,47,29,223.28735632183907,30.942528735632184,0.3333333333333333
36047028000,2,1,2,317.5,20.5,1.0
36047028100,42,39,13,90.80952380952381,30.333333333333332,0.30952380952380953
36047028200,4,3,1,315.5,39.0,0.25
36047028400,5,4,5,230.2,89.2,1.0
36047028501,20,14,1,168.55,19.65,0.05
36047028700,65,47,12,143.6,30.723076923076924,0.18461538461538463
36047028800,1,1,1,0.0,13.0,1.0
36047028900,58,39,12,201.41379310344828,25.103448275862068,0.20689655172413793
36047029000,4,4,2,196.5,17.75,0.5
36047029100,77,53,26,189.5194805194805,53.467532467532465,0.33766233766233766
36047029300,54,38,21,206.92592592592592,31.35185185185185,0.3888888888888889
36047029400,18,4,17,12.222222222222221,0.8888888888888888,0.9444444444444444
36047029500,65,57,39,214.06153846153848,38.2,0.6
36047029600,1,1,0,179.0,3.0,0.0
36047029800,4,3,1,293.25,0.25,0.25
36047029900,18,15,4,140.16666666666666,76.22222222222223,0.2222222222222222
36047030200,1,1,1,0.0,1.0,1.0
36047030300,26,22,7,186.96153846153845,49.92307692307692,0.2692307692307692
36047030400,1,1,1,278.0,140.0,1.0
36047030500,91,73,35,136.67032967032966,17.373626373626372,0.38461538461538464
36047030700,32,27,14,182.65625,52.34375,0.4375
36047030800,1,1,0,365.0,31.0,0.0
36047030900,22,20,13,191.9090909090909,35.13636363636363,0.5909090909090909
36047031100,44,33,18,215.6590909090909,25.931818181818183,0.4090909090909091
36047031300,72,42,31,203.375,46.388888888888886,0.4305555555555556
36047031401,1,1,1,85.0,8.0,1.0
36047031500,82,63,51,167.8170731707317,35.69512195121951,0.6219512195121951
36047031701,41,27,13,158.53658536585365,43.073170731707314,0.3170731707317073
36047031702,47,39,26,115.40425531914893,23.4468085106383,0.5531914893617021
36047031900,21,18,8,146.71428571428572,20.714285714285715,0.38095238095238093
36047032100,20,18,6,142.55,10.5,0.3
36047032300,22,18,12,175.72727272727272,26.818181818181817,0.5454545454545454
36047032500,15,13,9,95.06666666666666,34.4,0.6
36047032600,9,4,6,207.55555555555554,85.66666666666667,0.6666666666666666
36047032700,26,24,19,152.19230769230768,44.0,0.7307692307692307
36047032800,1,1,0,241.0,0.0,0.0
36047032900,36,21,12,200.33333333333334,23.833333333333332,0.3333333333333333
36047033000,1,1,1,178.0,0.0,1.0
36047033100,5,4,5,330.8,54.2,1.0
36047033300,12,12,8,173.58333333333334,9.666666666666666,0.6666666666666666
36047033500,8,8,7,156.625,24.875,0.875
36047033600,19,5,14,145.73684210526315,28.68421052631579,0.7368421052631579
36047033701,14,14,8,68.28571428571429,16.285714285714285,0.5714285714285714
36047033702,7,6,3,198.0,27.857142857142858,0.42857142857142855
36047033900,47,44,30,119.0,47.255319148936174,0.6382978723404256
36047034100,23,19,16,171.34782608695653,39.21739130434783,0.6956521739130435
36047034300,28,26,20,184.03571428571428,51.607142857142854,0.7142857142857143
36047034500,53,33,18,224.32075471698113,18.37735849056604,0.33962264150943394
36047034700,28,21,12,225.57142857142858,26.035714285714285,0.42857142857142855
36047034800,10,3,2,292.0,13.0,0.2
36047034901,10,8,4,112.2,18.4,0.4
36047034902,12,12,5,223.16666666666666,56.333333333333336,0.4166666666666667
36047035101,12,11,7,171.75,30.083333333333332,0.5833333333333334
36047035102,12,12,7,187.91666666666666,38.5,0.5833333333333334
36047035200,3,3,3,208.0,17.666666666666668,1.0
36047035301,19,12,6,215.26315789473685,8.947368421052632,0.3157894736842105
36047035302,11,9,7,174.0,28.181818181818183,0.6363636363636364
36047035500,15,12,10,217.6,35.6,0.6666666666666666
36047035602,1,1,1,0.0,1.0,1.0
36047035701,9,9,5,163.77777777777777,38.333333333333336,0.5555555555555556
36047035702,5,5,2,114.2,21.4,0.4
36047035900,22,15,13,187.77272727272728,36.54545454545455,0.5909090909090909
36047036001,1,1,1,0.0,1.0,1.0
36047036002,4,3,0,195.5,14.5,0.0
36047036100,5,5,4,173.2,24.6,0.8
36047036200,13,12,8,187.84615384615384,15.923076923076923,0.6153846153846154
36047036300,31,22,11,273.7096774193548,49.806451612903224,0.3548387096774194
36047036400,6,6,3,214.16666666666666,5.0,0.5
36047036501,8,8,6,175.0,41.875,0.75
36047036502,11,11,6,207.54545454545453,32.36363636363637,0.5454545454545454
36047036600,10,8,2,193.5,4.8,0.2
36047036700,6,5,0,233.66666666666666,43.833333333333336,0.0
36047036900,80,49,32,236.85,25.7625,0.4
36047037000,2,2,2,126.5,32.0,1.0
36047037401,7,7,4,201.85714285714286,12.714285714285714,0.5714285714285714
36047037402,5,4,1,49.2,40.6,0.2
36047037500,97,57,15,197.02061855670104,16.835051546391753,0.15463917525773196
36047037700,101,58,35,203.2871287128713,32.257425742574256,0.3465346534653465
36047037900,54,42,30,194.53703703703704,23.833333333333332,0.5555555555555556
36047038100,42,38,21,147.88095238095238,47.95238095238095,0.5
36047038300,54,45,29,165.64814814814815,33.46296296296296,0.5370370370370371
36047038500,54,46,21,194.94444444444446,26.40740740740741,0.3888888888888889
36047038600,1,1,1,342.0,5.0,1.0
36047038700,62,47,20,166.69354838709677,68.33870967741936,0.3225806451612903
36047038800,1,1,1,0.0,12.0,1.0
36047038900,73,49,18,169.86301369863014,14.383561643835616,0.2465753424657534
36047039200,2,2,1,182.5,2.5,0.5
36047039300,60,58,20,88.46666666666667,31.083333333333332,0.3333333333333333
36047039400,2,2,1,361.5,0.0,0.5
36047039500,44,40,14,111.68181818181819,37.34090909090909,0.3181818181818182
36047039600,1,1,1,365.0,14.0,1.0
36047039700,115,53,17,237.87826086956522,23.026086956521738,0.14782608695652175
36047039800,4,3,3,211.5,124.25,0.75
36047039900,49,38,21,146.51020408163265,29.612244897959183,0.42857142857142855
36047040000,1,1,1,265.0,100.0,1.0
36047040200,1,1,1,365.0,114.0,1.0
36047040300,42,35,10,137.33333333333334,31.928571428571427,0.23809523809523808
36047040400,1,1,0,240.0,138.0,0.0
36047040500,16,15,7,218.75,38.5,0.4375
36047040900,29,23,12,215.27586206896552,34.03448275862069,0.41379310344827586
36047041100,45,29,11,238.57777777777778,19.88888888888889,0.24444444444444444
36047041200,8,4,7,53.625,10.5,0.875
36047041300,58,41,12,238.0344827586207,16.75862068965517,0.20689655172413793
36047041401,1,1,1,365.0,111.0,1.0
36047041500,44,30,10,211.97727272727272,23.113636363636363,0.22727272727272727
36047041600,1,1,0,0.0,4.0,0.0
36047041700,7,7,3,176.14285714285714,54.142857142857146,0.42857142857142855
36047041800,1,1,0,338.0,148.0,0.0
36047041900,56,43,17,129.07142857142858,21.25,0.30357142857142855
36047042000,2,2,0,0.0,0.0,0.0
36047042100,47,34,8,152.95744680851064,26.21276595744681,0.1702127659574468
36047042200,4,4,0,249.5,30.75,0.0
36047042300,83,62,21,145.97590361445782,21.542168674698797,0.25301204819277107
36047042400,6,3,0,119.83333333333333,20.666666666666668,0.0
36047042500,38,35,11,111.89473684210526,13.052631578947368,0.2894736842105263
36047042600,3,2,0,182.66666666666666,12.0,0.0
36047042700,65,62,23,82.83076923076923,22.23076923076923,0.35384615384615387
36047042900,79,64,27,116.50632911392405,12.531645569620252,0.34177215189873417
36047043000,1,1,1,365.0,0.0,1.0
36047043100,52,39,8,166.44230769230768,14.865384615384615,0.15384615384615385
36047043200,6,2,1,304.1666666666667,0.0,0.16666666666666666
36047043300,34,24,9,136.73529411764707,13.764705882352942,0.2647058823529412
36047043400,3,2,1,0.0,15.0,0.3333333333333333
36047043500,58,34,16,190.13793103448276,23.82758620689655,0.27586206896551724
36047043600,1,1,0,255.0,45.0,0.0
36047043700,36,31,11,119.55555555555556,12.583333333333334,0.3055555555555556
36047043800,4,4,3,67.5,16.25,0.75
36047044000,1,1,0,363.0,35.0,0.0
36047044100,41,35,14,130.53658536585365,23.829268292682926,0.34146341463414637
36047044200,1,1,1,0.0,0.0,1.0
36047044300,40,36,16,78.95,25.45,0.4
36047044500,55,40,14,167.0,28.763636363636362,0.2545454545454545
36047044600,1,1,0,342.0,29.0,0.0
36047044700,46,36,20,100.6086956521739,12.521739130434783,0.43478260869565216
36047044800,1,1,1,0.0,0.0,1.0
36047045000,1,1,0,0.0,1.0,0.0
36047045200,1,1,1,0.0,1.0,1.0
36047045300,43,35,13,74.79069767441861,11.55813953488372,0.3023255813953488
36047046000,11,11,7,208.0909090909091,21.636363636363637,0.6363636363636364
36047048000,2,2,0,165.5,1.0,0.0
36047048200,4,4,4,7.5,0.5,1.0
36047048400,20,11,4,195.75,3.4,0.2
36047048600,6,5,2,60.833333333333336,8.166666666666666,0.3333333333333333
36047048800,3,3,2,121.33333333333333,31.333333333333332,0.6666666666666666
36047048900,14,14,1,112.42857142857143,8.142857142857142,0.07142857142857142
36047049000,10,10,5,167.0,3.4,0.5
36047049100,56,30,10,84.21428571428571,6.125,0.17857142857142858
36047049301,20,19,9,69.05,20.75,0.45
36047049400,15,15,9,168.2,52.8,0.6
36047049500,51,50,26,102.25490196078431,39.98039215686274,0.5098039215686274
36047049600,23,15,5,69.17391304347827,22.17391304347826,0.21739130434782608
36047049800,9,8,6,93.77777777777777,24.88888888888889,0.6666666666666666
36047049900,34,34,22,57.88235294117647,12.558823529411764,0.6470588235294118
36047050001,6,6,3,221.83333333333334,96.0,0.5
36047050002,3,3,3,0.0,17.333333333333332,1.0
36047050100,61,58,35,105.27868852459017,18.262295081967213,0.5737704918032787
36047050300,66,63,36,97.1969696969697,23.59090909090909,0.5454545454545454
36047050402,5,4,3,283.4,15.0,0.6
36047050500,78,73,37,97.41025641025641,27.628205128205128,0.47435897435897434
36047050600,25,19,7,187.36,36.16,0.28
36047050700,4,3,1,91.25,1.0,0.25
36047050801,18,17,2,129.55555555555554,34.55555555555556,0.1111111111111111
36047050803,32,30,12,109.4375,30.25,0.375
36047050804,27,23,6,130.25925925925927,15.407407407407407,0.2222222222222222
36047050900,3,3,2,0.0,2.3333333333333335,0.6666666666666666
36047051001,9,9,4,18.333333333333332,9.11111111111111,0.4444444444444444
36047051002,13,13,8,71.23076923076923,8.923076923076923,0.6153846153846154
36047051100,120,73,35,189.41666666666666,13.016666666666667,0.2916666666666667
36047051200,13,13,7,57.53846153846154,25.307692307692307,0.5384615384615384
36047051300,118,108,59,88.26271186440678,25.127118644067796,0.5
36047051400,21,20,7,85.66666666666667,69.42857142857143,0.3333333333333333
36047051500,39,31,26,100.33333333333333,8.179487179487179,0.6666666666666666
36047051601,2,2,0,196.5,9.5,0.0
36047051700,84,82,72,97.76190476190476,20.107142857142858,0.8571428571428571
36047051800,15,13,3,190.86666666666667,40.333333333333336,0.2
36047051900,156,124,95,92.0,18.365384615384617,0.6089743589743589
36047052000,30,23,16,95.46666666666667,38.53333333333333,0.5333333333333333
36047052300,84,77,51,93.22619047619048,13.964285714285714,0.6071428571428571
36047052600,12,11,7,117.33333333333333,31.166666666666668,0.5833333333333334
36047052700,90,82,38,101.63333333333334,26.211111111111112,0.4222222222222222
36047052800,10,7,4,282.3,23.8,0.4
36047052900,20,17,6,158.9,15.3,0.3
36047053000,6,5,3,164.0,48.833333333333336,0.5
36047053102,1,1,0,0.0,248.0,0.0
36047053200,2,2,2,174.5,22.0,1.0
36047053300,1,1,0,0.0,1.0,0.0
36047053400,7,6,5,93.28571428571429,74.57142857142857,0.7142857142857143
36047053700,1,1,0,250.0,0.0,0.0
36047053800,3,3,1,162.0,20.0,0.3333333333333333
36047054200,4,3,0,264.0,53.25,0.0
36047054400,6,5,3,113.5,12.333333333333334,0.5
36047054500,5,5,2,125.6,2.8,0.4
36047054600,5,5,3,96.0,64.8,0.6
36047054700,55,44,34,155.29090909090908,29.21818181818182,0.6181818181818182
36047054800,3,3,2,151.0,8.666666666666666,0.6666666666666666
36047054900,98,83,52,106.36734693877551,24.051020408163264,0.5306122448979592
36047055000,4,4,3,127.5,16.0,0.75
36047055100,127,115,79,96.55118110236221,25.26771653543307,0.6220472440944882
36047055200,14,10,8,149.57142857142858,24.642857142857142,0.5714285714285714
36047055300,109,94,65,130.77064220183487,37.51376146788991,0.5963302752293578
36047055400,2,2,1,182.5,0.0,0.5
36047055500,86,85,60,87.17441860465117,20.8953488372093,0.6976744186046512
36047055600,3,3,1,241.33333333333334,1.3333333333333333,0.3333333333333333
36047055700,68,47,31,117.08823529411765,16.323529411764707,0.45588235294117646
36047055800,2,2,2,79.0,145.5,1.0
36047056000,3,3,2,29.666666666666668,7.333333333333333,0.6666666666666666
36047056100,82,64,60,149.4512195121951,20.890243902439025,0.7317073170731707
36047056301,66,56,49,143.9848484848485,20.348484848484848,0.7424242424242424
36047056302,25,15,22,210.76,3.08,0.88
36047056400,2,2,2,142.0,147.0,1.0
36047056500,78,52,41,188.6153846153846,15.23076923076923,0.5256410256410257
36047056800,1,1,0,344.0,22.0,0.0
36047056900,26,25,18,76.1923076923077,23.307692307692307,0.6923076923076923
36047057100,43,42,26,95.62790697674419,14.093023255813954,0.6046511627906976
36047057300,23,23,13,119.04347826086956,37.56521739130435,0.5652173913043478
36047057400,2,2,1,119.5,27.5,0.5
36047057500,38,36,26,78.84210526315789,22.289473684210527,0.6842105263157895
36047057600,1,1,1,223.0,91.0,1.0
36047057800,4,3,0,170.75,72.0,0.0
36047057901,50,22,31,33.96,40.28,0.62
36047057902,3,3,3,0.0,7.666666666666667,1.0
36047058200,9,6,4,231.88888888888889,9.444444444444445,0.4444444444444444
36047058400,6,5,3,154.0,66.33333333333333,0.5
36047058800,2,2,1,0.0,37.0,0.5
36047058901,32,18,22,95.625,25.25,0.6875
36047058902,1,1,0,0.0,9.0,0.0
36047059000,1,1,0,0.0,2.0,0.0
36047059100,27,26,15,81.92592592592592,10.481481481481481,0.5555555555555556
36047059200,2,2,2,134.5,0.0,1.0
36047059300,18,16,11,88.94444444444444,5.0,0.6111111111111112
36047059402,2,2,2,265.5,47.0,1.0
36047059403,2,2,2,182.5,1.5,1.0
36047059404,2,2,1,170.5,25.5,0.5
36047059800,1,1,1,256.0,2.0,1.0
36047061002,4,3,3,225.75,8.25,0.75
36047061003,4,3,0,258.75,140.0,0.0
36047061004,10,8,7,207.0,29.9,0.7
36047061200,2,2,1,45.0,27.5,0.5
36047061600,3,3,2,177.66666666666666,43.333333333333336,0.6666666666666666
36047062000,2,2,1,266.5,125.5,0.5
36047062200,7,7,4,158.28571428571428,57.142857142857146,0.5714285714285714
36047062800,6,4,2,242.33333333333334,24.166666666666668,0.3333333333333333
36047064200,4,4,3,153.25,2.25,0.75
36047065000,1,1,0,365.0,13.0,0.0
36047067000,6,4,5,322.1666666666667,86.5,0.8333333333333334
36047067200,4,4,2,340.75,77.5,0.5
36047067400,3,3,1,321.0,43.666666666666664,0.3333333333333333
36047067600,2,2,0,0.0,18.0,0.0
36047068000,5,4,1,317.8,50.0,0.2
36047068200,6,5,3,300.1666666666667,27.833333333333332,0.5
36047068600,1,1,0,347.0,39.0,0.0
36047068800,3,3,0,332.3333333333333,3.6666666666666665,0.0
36047069000,1,1,0,330.0,0.0,0.0
36047069601,8,6,3,289.375,63.0,0.375
36047069602,8,7,5,275.875,26.75,0.625
36047069800,4,4,4,362.5,30.5,1.0
36047070000,1,1,1,0.0,22.0,1.0
36047070201,2,1,0,365.0,0.0,0.0
36047070601,1,1,1,364.0,51.0,1.0
36047072000,5,5,2,250.2,79.2,0.4
36047072200,7,5,6,231.14285714285714,15.142857142857142,0.8571428571428571
36047072400,5,5,5,243.8,24.4,1.0
36047072600,4,4,1,59.75,4.75,0.25
36047072800,10,9,4,282.6,31.8,0.4
36047073000,5,5,1,249.8,48.2,0.2
36047073200,4,4,3,260.75,6.5,0.75
36047073400,8,6,3,283.5,8.25,0.375
36047073600,8,7,3,214.5,29.125,0.375
36047073800,1,1,1,0.0,0.0,1.0
36047074000,5,5,2,159.6,16.6,0.4
36047074200,4,4,1,204.0,48.75,0.25
36047074400,1,1,1,0.0,0.0,1.0
36047074600,3,3,2,239.0,9.0,0.6666666666666666
36047074800,2,1,0,348.5,53.0,0.0
36047075000,1,1,0,0.0,78.0,0.0
36047075400,1,1,0,334.0,27.0,0.0
36047075800,1,1,1,64.0,79.0,1.0
36047076000,3,2,0,59.666666666666664,81.33333333333333,0.0
36047076200,4,4,1,189.0,9.0,0.25
36047076400,12,9,4,156.25,47.166666666666664,0.3333333333333333
36047076600,7,4,4,79.57142857142857,38.857142857142854,0.5714285714285714
36047076800,5,5,2,0.0,9.0,0.4
36047077000,8,6,4,156.75,11.75,0.5
36047077200,8,7,3,224.5,26.5,0.375
36047077400,7,6,1,201.14285714285714,8.0,0.14285714285714285
36047077600,10,5,2,184.3,2.2,0.2
36047078000,2,2,0,136.5,41.5,0.0
36047078200,9,8,6,179.22222222222223,50.22222222222222,0.6666666666666666
36047078400,6,5,4,216.66666666666666,27.5,0.6666666666666666
36047078601,10,9,8,242.6,4.1,0.8
36047078602,7,5,6,294.2857142857143,15.714285714285714,0.8571428571428571
36047078801,7,7,3,224.14285714285714,68.57142857142857,0.42857142857142855
36047078802,1,1,0,365.0,0.0,0.0
36047079001,6,6,3,207.0,83.66666666666667,0.5
36047079002,17,13,6,261.1764705882353,46.8235294117647,0.35294117647058826
36047079202,10,9,6,245.4,31.6,0.6
36047079400,20,13,7,262.8,22.45,0.35
36047079601,24,23,12,140.29166666666666,46.458333333333336,0.5
36047079602,35,23,8,181.31428571428572,10.742857142857142,0.22857142857142856
36047079801,27,26,19,112.55555555555556,33.81481481481482,0.7037037037037037
36047079802,49,45,37,103.95918367346938,22.0,0.7551020408163265
36047080000,33,27,14,192.5151515151515,55.27272727272727,0.42424242424242425
36047080200,42,38,15,171.83333333333334,32.95238095238095,0.35714285714285715
36047080400,48,30,16,237.20833333333334,35.979166666666664,0.3333333333333333
36047080600,21,18,15,136.38095238095238,38.285714285714285,0.7142857142857143
36047081000,24,13,10,256.25,8.583333333333334,0.4166666666666667
36047081400,6,5,2,292.3333333333333,55.5,0.3333333333333333
36047081600,33,22,11,207.8181818181818,13.666666666666666,0.3333333333333333
36047081800,20,16,8,159.55,16.7,0.4
36047082000,21,13,5,189.28571428571428,31.19047619047619,0.23809523809523808
36047082200,36,26,19,224.5,11.63888888888889,0.5277777777777778
36047082400,34,25,9,262.6470588235294,30.88235294117647,0.2647058823529412
36047082600,32,26,19,210.78125,30.46875,0.59375
36047082800,12,12,4,252.5,60.5,0.3333333333333333
36047083000,8,7,3,217.0,36.625,0.375
36047083200,5,5,4,288.6,20.6,0.8
36047083400,9,8,5,254.55555555555554,56.0,0.5555555555555556
36047083600,3,3,0,278.3333333333333,79.33333333333333,0.0
36047083800,4,3,1,213.0,8.25,0.25
36047084000,4,3,2,93.25,116.25,0.5
36047084600,5,5,2,230.6,25.8,0.4
36047084800,4,4,1,202.5,62.0,0.25
36047085000,4,4,3,210.5,19.5,0.75
36047085200,4,4,4,122.0,6.5,1.0
36047085400,5,5,4,179.6,34.8,0.8
36047085600,15,13,6,243.46666666666667,18.933333333333334,0.4
36047085800,7,6,2,290.2857142857143,65.28571428571429,0.2857142857142857
36047086000,13,10,4,282.84615384615387,43.15384615384615,0.3076923076923077
36047086200,7,5,1,284.57142857142856,17.0,0.14285714285714285
36047086400,13,11,5,210.53846153846155,21.615384615384617,0.38461538461538464
36047086600,12,11,8,267.25,47.083333333333336,0.6666666666666666
36047086800,5,4,2,144.4,68.0,0.4
36047087000,17,10,5,188.0,17.58823529411765,0.29411764705882354
36047087600,14,9,4,184.78571428571428,12.285714285714286,0.2857142857142857
36047087800,5,4,3,299.0,8.2,0.6
36047088001,11,4,4,243.0,30.454545454545453,0.36363636363636365
36047088002,4,3,3,108.75,48.0,0.75
36047088200,8,7,6,277.875,33.875,0.75
36047088400,10,9,4,220.4,41.4,0.4
36047088600,7,6,2,123.14285714285714,45.0,0.2857142857142857
36047088800,23,13,10,281.0,55.69565217391305,0.43478260869565216
36047089000,16,11,7,215.5625,41.625,0.4375
36047089200,6,6,3,171.33333333333334,34.0,0.5
36047089400,5,5,2,142.4,53.2,0.4
36047089600,6,5,3,136.16666666666666,3.8333333333333335,0.5
36047089800,8,6,2,145.0,95.75,0.25
36047090000,11,8,3,289.3636363636364,58.0,0.2727272727272727
36047090200,1,1,1,122.0,157.0,1.0
36047090600,3,2,0,358.0,20.333333333333332,0.0
36047090800,5,2,4,212.4,4.8,0.8
36047091600,15,11,6,219.93333333333334,30.466666666666665,0.4
36047091800,2,2,1,304.5,131.0,0.5
36047092200,3,3,0,238.33333333333334,40.333333333333336,0.0
36047092400,6,4,0,280.1666666666667,7.166666666666667,0.0
36047092800,2,2,1,277.5,21.0,0.5
36047093000,5,5,3,253.6,76.0,0.6
36047093200,9,7,2,154.11111111111111,43.333333333333336,0.2222222222222222
36047093400,9,6,3,158.33333333333334,6.222222222222222,0.3333333333333333
36047093600,3,3,0,226.66666666666666,47.333333333333336,0.0
36047093800,7,6,3,246.0,24.428571428571427,0.42857142857142855
36047094600,10,7,3,323.0,27.8,0.3
36047095400,10,10,7,219.0,26.0,0.7
36047095600,12,10,8,268.9166666666667,74.25,0.6666666666666666
36047095800,18,17,8,180.22222222222223,81.66666666666667,0.4444444444444444
36047096000,3,3,0,322.0,65.33333333333333,0.0
36047096200,3,3,1,129.33333333333334,56.0,0.3333333333333333
36047096400,8,7,5,318.0,48.0,0.625
36047096600,5,5,3,323.4,72.2,0.6
36047096800,6,6,2,335.3333333333333,61.166666666666664,0.3333333333333333
36047097000,4,4,1,250.0,17.0,0.25
36047097400,10,8,3,313.4,13.8,0.3
36047098200,1,1,0,352.0,30.0,0.0
36047098400,3,3,1,172.66666666666666,265.6666666666667,0.3333333333333333
36047098600,13,11,4,232.76923076923077,84.6923076923077,0.3076923076923077
36047098800,8,8,6,239.5,23.0,0.75
36047099000,5,2,1,300.6,14.4,0.2
36047099200,2,2,2,338.0,78.0,1.0
36047099400,3,3,2,285.3333333333333,99.33333333333333,0.6666666666666666
36047099600,14,13,5,224.07142857142858,65.64285714285714,0.35714285714285715
36047099800,14,13,4,307.7142857142857,23.142857142857142,0.2857142857142857
36047100400,5,4,2,197.8,60.8,0.4
36047100600,5,5,4,198.2,44.8,0.8
36047100800,3,3,0,243.33333333333334,9.333333333333334,0.0
36047101000,8,6,6,287.0,46.375,0.75
36047101200,10,9,8,261.0,120.5,0.8
36047101400,8,8,4,260.0,50.25,0.5
36047101600,1,1,1,365.0,0.0,1.0
36047101800,3,2,1,0.0,26.333333333333332,0.3333333333333333
36047102000,9,8,4,278.8888888888889,60.77777777777778,0.4444444444444444
36047102200,5,4,1,224.4,36.8,0.2
36047102400,6,5,2,211.0,16.166666666666668,0.3333333333333333
36047102600,5,2,1,288.4,100.0,0.2
36047102801,5,5,2,292.6,60.0,0.4
36047110400,9,5,5,230.88888888888889,8.333333333333334,0.5555555555555556
36047111600,12,10,7,226.83333333333334,23.5,0.5833333333333334
36047111800,12,5,1,260.25,30.583333333333332,0.08333333333333333
36047112000,3,3,3,226.33333333333334,11.0,1.0
36047112200,6,5,3,228.66666666666666,11.166666666666666,0.5
36047112400,12,9,2,246.66666666666666,94.75,0.16666666666666666
36047112600,12,6,4,250.0,72.08333333333333,0.3333333333333333
36047112800,17,13,7,265.6470588235294,29.529411764705884,0.4117647058823529
36047113000,5,4,2,106.0,19.0,0.4
36047113400,1,1,1,89.0,111.0,1.0
36047114201,6,6,5,305.0,38.333333333333336,0.8333333333333334
36047114202,6,5,4,231.5,36.5,0.6666666666666666
36047114400,9,9,7,202.22222222222223,46.77777777777778,0.7777777777777778
36047114600,20,10,8,235.6,13.95,0.4
36047115000,8,8,4,283.5,69.5,0.5
36047115200,14,11,10,187.28571428571428,36.357142857142854,0.7142857142857143
36047115600,6,1,0,191.83333333333334,20.666666666666668,0.0
36047115800,17,14,7,227.23529411764707,54.529411764705884,0.4117647058823529
36047116000,7,6,4,179.57142857142858,59.285714285714285,0.5714285714285714
36047116200,11,7,4,224.63636363636363,42.45454545454545,0.36363636363636365
36047116400,9,8,2,223.44444444444446,14.777777777777779,0.2222222222222222
36047116600,7,7,6,336.57142857142856,42.42857142857143,0.8571428571428571
36047116800,6,4,1,196.16666666666666,6.5,0.16666666666666666
36047117000,12,5,3,200.66666666666666,12.833333333333334,0.25
36047117201,13,7,3,228.53846153846155,35.61538461538461,0.23076923076923078
36047117202,8,7,1,171.75,23.375,0.125
36047117400,4,4,3,241.5,69.5,0.75
36047117601,7,7,1,191.0,99.0,0.14285714285714285
36047117602,15,11,4,265.8666666666667,52.733333333333334,0.26666666666666666
36047117800,2,2,1,171.0,21.0,0.5
36047118201,23,10,6,244.82608695652175,47.56521739130435,0.2608695652173913
36047118600,7,3,1,293.7142857142857,19.571428571428573,0.14285714285714285
36047119000,1,1,0,63.0,118.0,0.0
36047119200,7,6,3,194.28571428571428,142.42857142857142,0.42857142857142855
36047119400,19,13,14,219.68421052631578,45.68421052631579,0.7368421052631579
36047119600,8,8,6,291.25,57.125,0.75
36047119800,17,10,11,249.94117647058823,39.11764705882353,0.6470588235294118
36047120801,12,5,2,304.75,1.9166666666666667,0.16666666666666666
36047121000,1,1,0,339.0,269.0,0.0
36047121400,1,1,1,250.0,3.0,1.0
36047123700,14,10,1,190.14285714285714,64.92857142857143,0.07142857142857142
36047150200,14,13,10,189.0,38.714285714285715,0.7142857142857143
36061000600,70,60,39,138.05714285714285,18.085714285714285,0.5571428571428572
36061000700,231,73,149,166.995670995671,27.294372294372295,0.645021645021645
36061000800,69,52,36,123.7536231884058,28.130434782608695,0.5217391304347826
36061000900,45,30,29,176.82222222222222,23.31111111111111,0.6444444444444445
36061001002,2,2,0,0.0,3.5,0.0
36061001200,18,16,9,174.44444444444446,12.944444444444445,0.5
36061001501,61,28,23,170.13114754098362,6.983606557377049,0.3770491803278688
36061001502,179,55,73,93.84916201117318,31.70391061452514,0.40782122905027934
36061001600,117,87,68,167.55555555555554,33.43589743589744,0.5811965811965812
36061002000,3,3,1,110.66666666666667,6.333333333333333,0.3333333333333333
36061002100,46,23,28,169.2608695652174,16.67391304347826,0.6086956521739131
36061002201,47,40,37,163.06382978723406,31.04255319148936,0.7872340425531915
36061002202,30,30,13,111.6,17.7,0.43333333333333335
36061002400,6,6,4,77.0,36.5,0.6666666666666666
36061002602,54,48,33,128.2962962962963,42.7962962962963,0.6111111111111112
36061002800,61,54,32,112.04918032786885,35.26229508196721,0.5245901639344263
36061003001,109,85,81,107.23853211009174,27.01834862385321,0.7431192660550459
36061003002,51,41,35,113.68627450980392,23.50980392156863,0.6862745098039216
36061003100,37,26,17,118.43243243243244,93.91891891891892,0.4594594594594595
36061003300,89,49,76,190.13483146067415,16.168539325842698,0.8539325842696629
36061003400,121,106,87,102.47107438016529,20.140495867768596,0.71900826446281
36061003601,112,54,68,210.90178571428572,37.607142857142854,0.6071428571428571
36061003602,52,47,33,105.28846153846153,58.36538461538461,0.6346153846153846
36061003700,81,47,44,132.02469135802468,27.506172839506174,0.5432098765432098
36061003800,171,126,129,136.81286549707602,14.976608187134502,0.7543859649122807
36061003900,22,18,16,99.95454545454545,6.136363636363637,0.7272727272727273
36061004001,60,57,42,78.71666666666667,21.483333333333334,0.7
36061004002,89,65,68,133.4494382022472,13.02247191011236,0.7640449438202247
36061004100,197,105,145,178.48730964467006,22.31979695431472,0.7360406091370558
36061004300,155,89,132,165.68387096774194,16.329032258064515,0.8516129032258064
36061004400,31,29,15,86.90322580645162,7.419354838709677,0.4838709677419355
36061004500,57,30,31,148.12280701754386,46.87719298245614,0.543859649122807
36061004700,49,34,33,172.26530612244898,19.20408163265306,0.673469387755102
36061004800,99,61,67,161.6969696969697,18.818181818181817,0.6767676767676768
36061004900,69,62,58,132.2753623188406,25.971014492753625,0.8405797101449275
36061005400,26,21,20,149.53846153846155,54.38461538461539,0.7692307692307693
36061005501,8,8,6,173.375,9.5,0.75
36061005502,32,24,27,149.6875,19.6875,0.84375
36061005600,27,23,21,142.44444444444446,5.888888888888889,0.7777777777777778
36061005700,14,14,10,90.78571428571429,29.714285714285715,0.7142857142857143
36061005800,65,28,35,172.2,4.723076923076923,0.5384615384615384
36061005900,22,20,19,126.27272727272727,5.909090909090909,0.8636363636363636
36061006000,16,14,11,155.3125,4.875,0.6875
36061006200,29,14,22,192.89655172413794,7.172413793103448,0.7586206896551724
36061006400,76,67,59,141.8684210526316,17.855263157894736,0.7763157894736842
36061006600,147,65,131,223.77551020408163,7.979591836734694,0.891156462585034
36061006700,96,73,89,125.35416666666667,19.84375,0.9270833333333334
36061006800,75,53,49,182.62666666666667,45.77333333333333,0.6533333333333333
36061006900,23,20,19,141.7826086956522,19.347826086956523,0.8260869565217391
36061007001,26,20,26,177.80769230769232,22.576923076923077,1.0
36061007002,71,57,53,144.46478873239437,14.394366197183098,0.7464788732394366
36061007200,138,80,93,161.7536231884058,13.31159420289855,0.6739130434782609
36061007300,126,90,116,145.13492063492063,20.634920634920636,0.9206349206349206
36061007400,105,56,46,168.0857142857143,38.42857142857143,0.4380952380952381
36061007500,51,40,44,138.66666666666666,17.862745098039216,0.8627450980392157
36061007700,84,59,72,150.5595238095238,14.80952380952381,0.8571428571428571
36061007800,122,68,103,210.05737704918033,11.98360655737705,0.8442622950819673
36061007900,29,27,29,152.79310344827587,8.10344827586207,1.0
36061008000,231,64,147,244.26839826839827,9.904761904761905,0.6363636363636364
36061008100,159,95,141,144.98742138364778,15.679245283018869,0.8867924528301887
36061008200,95,32,79,237.22105263157894,15.242105263157894,0.8315789473684211
36061008300,39,35,32,151.84615384615384,23.974358974358974,0.8205128205128205
36061008601,19,11,17,229.57894736842104,1.4736842105263157,0.8947368421052632
36061008602,4,4,3,178.25,7.75,0.75
36061008700,78,53,65,150.65384615384616,22.628205128205128,0.8333333333333334
36061008800,53,34,33,156.39622641509433,17.150943396226417,0.6226415094339622
36061008900,70,54,55,158.11428571428573,17.214285714285715,0.7857142857142857
36061009000,182,73,153,202.23626373626374,13.236263736263735,0.8406593406593407
36061009100,87,53,61,171.51724137931035,21.06896551724138,0.7011494252873564
36061009200,103,33,64,189.90291262135923,9.233009708737864,0.6213592233009708
36061009300,46,44,31,138.84782608695653,16.934782608695652,0.6739130434782609
36061009400,19,12,10,219.26315789473685,0.9473684210526315,0.5263157894736842
36061009500,91,50,57,214.6043956043956,27.36263736263736,0.6263736263736264
36061009600,128,31,67,221.75,5.4609375,0.5234375
36061009800,123,73,106,175.28455284552845,9.886178861788618,0.8617886178861789
36061009901,12,12,10,147.0,9.75,0.8333333333333334
36061009902,10,10,9,208.7,19.5,0.9
36061010000,72,23,32,208.11111111111111,8.527777777777779,0.4444444444444444
36061010100,29,20,23,229.24137931034483,179.17241379310346,0.7931034482758621
36061010200,33,11,5,184.75757575757575,6.121212121212121,0.15151515151515152
36061010400,73,20,48,162.72602739726028,17.273972602739725,0.6575342465753424
36061010801,15,15,12,128.4,25.8,0.8
36061010802,19,13,17,198.89473684210526,1.4736842105263157,0.8947368421052632
36061010803,16,13,12,136.9375,15.9375,0.75
36061010900,26,17,20,168.23076923076923,12.576923076923077,0.7692307692307693
36061011100,173,65,81,160.757225433526,22.179190751445088,0.4682080924855491
36061011201,61,16,36,188.7377049180328,14.245901639344263,0.5901639344262295
36061011202,8,7,6,248.25,15.125,0.75
36061011203,46,16,27,150.8695652173913,10.565217391304348,0.5869565217391305
36061011300,25,10,11,219.2,40.44,0.44
36061011401,38,5,1,293.7105263157895,1.736842105263158,0.02631578947368421
36061011402,23,14,18,234.56521739130434,19.17391304347826,0.782608695652174
36061011500,149,88,89,175.38255033557047,36.16778523489933,0.5973154362416108
36061011600,23,20,19,149.52173913043478,6.478260869565218,0.8260869565217391
36061011800,43,32,35,173.53488372093022,9.186046511627907,0.813953488372093
36061011900,109,26,28,177.61467889908258,34.6605504587156,0.25688073394495414
36061012000,17,13,15,194.52941176470588,41.23529411764706,0.8823529411764706
36061012101,140,54,117,193.40714285714284,18.75,0.8357142857142857
36061012102,128,64,98,184.2890625,26.75,0.765625
36061012200,23,10,22,179.65217391304347,9.130434782608695,0.9565217391304348
36061012400,56,32,45,204.57142857142858,9.571428571428571,0.8035714285714286
36061012500,144,51,103,230.01388888888889,20.993055555555557,0.7152777777777778
36061012601,54,30,45,189.22222222222223,14.907407407407407,0.8333333333333334
36061012602,28,19,23,168.39285714285714,11.821428571428571,0.8214285714285714
36061012700,241,144,145,193.01659751037346,28.946058091286307,0.6016597510373444
36061012800,16,14,16,88.9375,19.125,1.0
36061012901,134,78,118,183.38805970149255,14.708955223880597,0.8805970149253731
36061012902,145,60,99,246.4344827586207,18.8,0.6827586206896552
36061013000,8,4,7,208.0,1.625,0.875
36061013100,126,58,60,220.84920634920636,28.484126984126984,0.47619047619047616
36061013201,22,15,18,143.1818181818182,13.409090909090908,0.8181818181818182
36061013202,18,17,14,108.44444444444444,15.88888888888889,0.7777777777777778
36061013203,15,13,14,163.86666666666667,11.133333333333333,0.9333333333333333
36061013300,179,96,138,212.13966480446928,19.726256983240223,0.770949720670391
36061013400,210,64,195,234.84285714285716,7.104761904761904,0.9285714285714286
36061013501,60,25,52,186.18333333333334,6.366666666666666,0.8666666666666667
36061013502,15,14,9,169.26666666666668,9.066666666666666,0.6
36061013601,3,3,2,23.333333333333332,17.0,0.6666666666666666
36061013602,14,13,12,98.64285714285714,5.928571428571429,0.8571428571428571
36061013603,30,17,29,196.23333333333332,7.4,0.9666666666666667
36061013604,54,31,48,214.35185185185185,6.148148148148148,0.8888888888888888
36061013700,201,89,121,209.69651741293532,20.27363184079602,0.6019900497512438
36061013800,99,74,83,151.26262626262627,18.505050505050505,0.8383838383838383
36061013900,94,71,74,145.27659574468086,14.457446808510639,0.7872340425531915
36061014000,23,18,17,180.69565217391303,19.0,0.7391304347826086
36061014200,12,5,12,167.91666666666666,26.916666666666668,1.0
36061014300,2,2,0,154.0,3.5,0.0
36061014401,46,24,37,207.1086956521739,5.956521739130435,0.8043478260869565
36061014402,31,20,21,169.06451612903226,3.161290322580645,0.6774193548387096
36061014500,27,26,20,192.4814814814815,29.333333333333332,0.7407407407407407
36061014601,23,22,18,168.1304347826087,15.391304347826088,0.782608695652174
36061014602,41,30,34,166.02439024390245,14.560975609756097,0.8292682926829268
36061014700,9,9,7,80.11111111111111,1.4444444444444444,0.7777777777777778
36061014801,11,8,9,175.36363636363637,11.090909090909092,0.8181818181818182
36061014802,59,27,55,227.20338983050848,4.745762711864407,0.9322033898305084
36061014900,15,12,12,217.0,22.2,0.8
36061015002,3,3,3,181.0,0.3333333333333333,1.0
36061015101,14,11,10,129.28571428571428,13.714285714285714,0.7142857142857143
36061015102,31,25,24,116.7741935483871,3.2580645161290325,0.7741935483870968
36061015200,17,14,15,196.1764705882353,3.764705882352941,0.8823529411764706
36061015301,9,9,5,156.11111111111111,18.444444444444443,0.5555555555555556
36061015302,15,9,14,125.86666666666666,8.066666666666666,0.9333333333333333
36061015401,53,38,45,166.64150943396226,12.849056603773585,0.8490566037735849
36061015402,38,19,34,179.94736842105263,10.68421052631579,0.8947368421052632
36061015403,16,15,10,96.0625,9.0625,0.625
36061015501,23,12,21,180.34782608695653,7.434782608695652,0.9130434782608695
36061015502,6,5,4,97.83333333333333,38.833333333333336,0.6666666666666666
36061015601,53,22,49,252.45283018867926,13.39622641509434,0.9245283018867925
36061015602,15,14,9,157.33333333333334,14.066666666666666,0.6
36061015700,70,57,54,121.12857142857143,16.271428571428572,0.7714285714285715
36061015801,34,21,31,181.52941176470588,12.0,0.9117647058823529
36061015802,23,15,21,222.56521739130434,7.130434782608695,0.9130434782608695
36061015900,75,34,72,217.62666666666667,7.44,0.96
36061016001,4,4,2,176.0,10.5,0.5
36061016002,5,5,2,34.4,8.8,0.4
36061016100,43,38,33,136.27906976744185,18.325581395348838,0.7674418604651163
36061016300,96,36,49,164.15625,17.583333333333332,0.5104166666666666
36061016400,30,28,13,119.16666666666667,12.6,0.43333333333333335
36061016500,97,38,84,243.41237113402062,14.185567010309278,0.865979381443299
36061016600,86,69,52,157.93023255813952,28.011627906976745,0.6046511627906976
36061016700,68,31,26,204.86764705882354,4.852941176470588,0.38235294117647056
36061016800,7,7,2,109.57142857142857,63.57142857142857,0.2857142857142857
36061016900,89,51,79,221.07865168539325,11.808988764044944,0.8876404494382022
36061017100,31,31,22,101.48387096774194,13.129032258064516,0.7096774193548387
36061017200,61,37,38,175.327868852459,29.508196721311474,0.6229508196721312
36061017300,73,44,67,199.94520547945206,21.767123287671232,0.9178082191780822
36061017401,26,21,12,164.19230769230768,36.92307692307692,0.46153846153846156
36061017402,25,10,9,251.48,3.64,0.36
36061017500,32,28,24,143.28125,12.9375,0.75
36061017700,41,30,30,186.3658536585366,27.829268292682926,0.7317073170731707
36061017800,41,28,18,178.1951219512195,30.73170731707317,0.43902439024390244
36061017900,83,38,72,123.37349397590361,6.578313253012048,0.8674698795180723
36061018000,33,27,12,132.06060606060606,18.87878787878788,0.36363636363636365
36061018100,30,26,22,119.26666666666667,26.3,0.7333333333333333
36061018200,37,27,17,200.51351351351352,21.972972972972972,0.4594594594594595
36061018300,56,36,47,118.01785714285714,16.910714285714285,0.8392857142857143
36061018400,33,26,13,165.15151515151516,46.121212121212125,0.3939393939393939
36061018500,42,23,33,196.28571428571428,1.7380952380952381,0.7857142857142857
36061018600,9,9,2,181.44444444444446,82.66666666666667,0.2222222222222222
36061018700,32,30,22,71.3125,10.46875,0.6875
36061018800,51,42,27,169.0,23.764705882352942,0.5294117647058824
36061018900,107,64,60,195.53271028037383,27.074766355140188,0.5607476635514018
36061019000,14,13,5,125.5,42.07142857142857,0.35714285714285715
36061019100,38,32,16,96.57894736842105,20.842105263157894,0.42105263157894735
36061019300,139,92,43,164.0863309352518,15.856115107913668,0.30935251798561153
36061019400,25,21,15,170.08,34.0,0.6
36061019500,103,56,20,168.09708737864077,5.553398058252427,0.1941747572815534
36061019600,19,16,9,72.6842105263158,42.526315789473685,0.47368421052631576
36061019701,55,45,17,135.14545454545456,14.8,0.3090909090909091
36061019702,38,28,14,155.92105263157896,17.342105263157894,0.3684210526315789
36061019800,20,20,13,156.05,67.2,0.65
36061019900,54,48,24,49.092592592592595,4.481481481481482,0.4444444444444444
36061020000,48,37,32,220.10416666666666,46.520833333333336,0.6666666666666666
36061020101,4,4,2,148.25,37.5,0.5
36061020102,51,38,24,158.2156862745098,25.137254901960784,0.47058823529411764
36061020600,47,36,22,193.3404255319149,64.34042553191489,0.46808510638297873
36061020701,12,12,6,5.333333333333333,8.916666666666666,0.5
36061020901,27,20,9,185.55555555555554,22.555555555555557,0.3333333333333333
36061021000,12,12,7,137.83333333333334,21.666666666666668,0.5833333333333334
36061021100,37,33,14,61.67567567567568,6.162162162162162,0.3783783783783784
36061021200,24,22,14,165.45833333333334,37.458333333333336,0.5833333333333334
36061021303,21,19,8,97.61904761904762,24.666666666666668,0.38095238095238093
36061021500,6,6,3,74.33333333333333,47.333333333333336,0.5
36061021600,88,66,34,193.85227272727272,39.09090909090909,0.38636363636363635
36061021703,31,31,14,153.61290322580646,65.54838709677419,0.45161290322580644
36061021800,66,61,33,101.62121212121212,26.257575757575758,0.5
36061021900,14,13,3,74.42857142857143,12.285714285714286,0.21428571428571427
36061022000,82,62,50,210.609756097561,55.25609756097561,0.6097560975609756
36061022102,38,30,24,179.28947368421052,66.02631578947368,0.631578947368421
36061022200,76,51,44,193.31578947368422,55.223684210526315,0.5789473684210527
36061022301,55,40,12,123.89090909090909,32.6,0.21818181818181817
36061022302,13,13,6,125.38461538461539,2.4615384615384617,0.46153846153846156
36061022500,74,50,16,152.0,29.527027027027028,0.21621621621621623
36061022600,58,42,26,168.06896551724137,51.775862068965516,0.4482758620689655
36061022700,71,44,23,180.22535211267606,36.11267605633803,0.323943661971831
36061022800,114,65,61,213.8684210526316,25.67543859649123,0.5350877192982456
36061022900,43,39,14,160.09302325581396,20.25581395348837,0.32558139534883723
36061023100,64,46,35,153.6875,22.390625,0.546875
36061023200,30,25,10,142.56666666666666,13.833333333333334,0.3333333333333333
36061023300,49,45,18,105.79591836734694,31.20408163265306,0.3673469387755102
36061023400,40,26,9,92.375,9.0,0.225
36061023501,48,42,21,153.47916666666666,39.604166666666664,0.4375
36061023502,10,10,5,51.8,19.2,0.5
36061023600,15,15,5,140.13333333333333,14.866666666666667,0.3333333333333333
36061023700,55,45,26,115.89090909090909,13.872727272727273,0.4727272727272727
36061023900,23,10,4,247.56521739130434,21.695652173913043,0.17391304347826086
36061024301,25,19,10,179.04,23.8,0.4
36061024302,1,1,0,0.0,98.0,0.0
36061024500,54,49,18,123.55555555555556,38.574074074074076,0.3333333333333333
36061024900,7,7,2,119.28571428571429,6.857142857142857,0.2857142857142857
36061025100,21,10,7,212.0952380952381,10.095238095238095,0.3333333333333333
36061025300,35,21,6,135.6,5.457142857142857,0.17142857142857143
36061025500,35,28,7,139.11428571428573,14.4,0.2
36061025700,49,36,25,176.6734693877551,58.44897959183673,0.5102040816326531
36061025900,19,19,10,148.78947368421052,57.36842105263158,0.5263157894736842
36061026100,16,15,5,103.625,39.3125,0.3125
36061026300,33,32,12,70.48484848484848,29.696969696969695,0.36363636363636365
36061027100,32,26,16,177.625,17.71875,0.5
36061027300,23,22,13,89.1304347826087,10.652173913043478,0.5652173913043478
36061027900,24,22,13,88.75,12.5,0.5416666666666666
36061028100,6,6,3,145.5,12.166666666666666,0.5
36061028300,13,13,9,67.76923076923077,30.692307692307693,0.6923076923076923
36061028500,24,19,6,67.54166666666667,13.0,0.25
36061028700,19,19,10,69.21052631578948,11.68421052631579,0.5263157894736842
36061029100,37,13,3,49.45945945945946,12.378378378378379,0.08108108108108109
36061029300,20,13,5,74.85,7.5,0.25
36061029500,20,15,11,102.85,19.3,0.55
36061029700,17,16,11,140.7058823529412,43.88235294117647,0.6470588235294118
36061030300,8,8,4,19.25,21.625,0.5
36061030700,1,1,0,0.0,66.0,0.0
36081000101,14,14,10,156.64285714285714,8.857142857142858,0.7142857142857143
36081000102,23,5,23,214.0,1.5217391304347827,1.0
36081000200,5,5,2,261.8,41.4,0.4
36081000702,31,25,23,149.96774193548387,36.03225806451613,0.7419354838709677
36081000800,1,1,0,0.0,0.0,0.0
36081001000,1,1,0,0.0,13.0,0.0
36081001200,7,3,1,301.14285714285717,30.857142857142858,0.14285714285714285
36081001600,3,3,1,191.33333333333334,47.0,0.3333333333333333
36081001800,8,8,3,147.875,16.125,0.375
36081001901,17,16,12,116.47058823529412,23.0,0.7058823529411765
36081001902,28,20,19,147.96428571428572,3.4642857142857144,0.6785714285714286
36081001903,31,15,8,222.16129032258064,8.709677419354838,0.25806451612903225
36081002000,13,10,6,116.07692307692308,34.0,0.46153846153846156
36081002200,13,10,3,215.30769230769232,20.923076923076923,0.23076923076923078
36081002400,4,4,1,42.75,17.5,0.25
36081002800,8,4,4,291.125,25.25,0.5
36081003100,47,24,12,196.9787234042553,37.170212765957444,0.2553191489361702
36081003200,4,3,3,340.75,19.75,0.75
36081003301,14,12,7,120.28571428571429,23.714285714285715,0.5
36081003302,20,15,6,203.95,58.3,0.3
36081003400,2,2,0,173.5,39.5,0.0
36081003600,1,1,0,365.0,68.0,0.0
36081003900,10,8,6,118.6,14.6,0.6
36081004002,5,5,1,73.0,0.0,0.2
36081004300,1,1,1,363.0,3.0,1.0
36081004401,19,5,3,263.3157894736842,20.0,0.15789473684210525
36081004500,10,10,5,73.0,31.6,0.5
36081004700,17,11,3,216.23529411764707,25.176470588235293,0.17647058823529413
36081005000,1,1,0,0.0,0.0,0.0
36081005100,21,16,8,208.0952380952381,10.714285714285714,0.38095238095238093
36081005300,34,31,7,181.91176470588235,45.705882352941174,0.20588235294117646
36081005400,1,1,0,43.0,9.0,0.0
36081005500,16,8,3,226.75,34.8125,0.1875
36081005700,44,34,15,179.4318181818182,71.22727272727273,0.3409090909090909
36081005800,8,6,4,341.5,45.125,0.5
36081005900,20,18,10,112.4,54.55,0.5
36081006100,49,48,21,97.28571428571429,17.93877551020408,0.42857142857142855
36081006201,2,2,1,364.0,11.0,0.5
36081006202,19,9,5,259.4736842105263,14.157894736842104,0.2631578947368421
36081006300,40,38,16,121.05,14.375,0.4
36081006501,22,21,13,145.77272727272728,34.63636363636363,0.5909090909090909
36081006502,20,19,7,110.0,21.5,0.35
36081006900,16,14,9,174.5625,52.5625,0.5625
36081007100,29,26,13,109.96551724137932,35.55172413793103,0.4482758620689655
36081007300,28,23,6,221.35714285714286,55.32142857142857,0.21428571428571427
36081007500,33,28,14,150.45454545454547,21.242424242424242,0.42424242424242425
36081007700,12,12,6,159.83333333333334,36.833333333333336,0.5
36081007900,17,16,9,127.17647058823529,15.058823529411764,0.5294117647058824
36081008100,4,4,2,83.25,7.25,0.5
36081008300,21,13,6,67.85714285714286,14.904761904761905,0.2857142857142857
36081008500,17,7,4,299.94117647058823,14.882352941176471,0.23529411764705882
36081008600,5,3,2,253.4,20.0,0.4
36081008700,8,8,3,187.25,46.5,0.375
36081008800,2,2,1,365.0,3.0,0.5
36081009100,7,7,3,96.85714285714286,52.57142857142857,0.42857142857142855
36081009400,3,3,2,232.66666666666666,26.333333333333332,0.6666666666666666
36081009500,14,14,6,117.78571428571429,97.57142857142857,0.42857142857142855
36081009600,1,1,1,0.0,12.0,1.0
36081009700,21,21,13,137.1904761904762,29.761904761904763,0.6190476190476191
36081009800,2,1,0,0.0,20.0,0.0
36081009900,5,5,5,61.2,45.4,1.0
36081010000,2,2,1,171.5,125.0,0.5
36081010100,14,14,8,234.64285714285714,59.57142857142857,0.5714285714285714
36081010200,3,3,0,66.66666666666667,43.0,0.0
36081010300,11,11,6,149.54545454545453,30.272727272727273,0.5454545454545454
36081010400,1,1,0,365.0,24.0,0.0
36081010500,8,8,5,178.375,7.5,0.625
36081010600,1,1,1,339.0,29.0,1.0
36081010701,2,2,0,198.5,72.5,0.0
36081010800,2,2,1,127.5,26.0,0.5
36081011000,2,2,2,176.5,14.0,1.0
36081011100,14,12,4,225.14285714285714,55.285714285714285,0.2857142857142857
36081011200,11,6,4,261.6363636363636,37.36363636363637,0.36363636363636365
36081011300,26,24,9,150.84615384615384,26.692307692307693,0.34615384615384615
36081011500,14,13,3,129.28571428571428,23.071428571428573,0.21428571428571427
36081011600,2,2,1,16.0,0.5,0.5
36081011700,13,12,6,164.30769230769232,20.692307692307693,0.46153846153846156
36081011800,2,1,1,353.5,35.5,0.5
36081011900,7,6,4,259.0,64.0,0.5714285714285714
36081012100,16,11,3,279.6875,73.75,0.1875
36081012200,3,3,0,49.333333333333336,43.333333333333336,0.0
36081012301,11,10,5,177.9090909090909,7.454545454545454,0.45454545454545453
36081012400,8,6,1,173.875,76.625,0.125
36081012500,9,8,7,165.55555555555554,10.0,0.7777777777777778
36081012601,2,2,0,221.0,68.5,0.0
36081012602,1,1,1,235.0,2.0,1.0
36081012800,12,7,5,256.1666666666667,14.666666666666666,0.4166666666666667
36081013000,3,2,3,291.6666666666667,54.0,1.0
36081013200,5,4,2,97.2,65.4,0.4
36081013400,5,4,3,106.6,0.4,0.6
36081013600,8,6,0,89.0,13.75,0.0
36081013700,6,6,1,121.83333333333333,81.5,0.16666666666666666
36081013800,4,4,0,108.0,29.25,0.0
36081014000,5,4,1,216.2,20.8,0.2
36081014100,7,7,3,148.71428571428572,8.571428571428571,0.42857142857142855
36081014201,1,1,0,0.0,0.0,0.0
36081014202,6,3,2,180.0,18.166666666666668,0.3333333333333333
36081014300,30,24,10,157.8,39.2,0.3333333333333333
36081014400,4,4,2,236.5,35.75,0.5
36081014500,8,7,2,148.0,96.625,0.25
36081014700,17,17,6,113.29411764705883,38.11764705882353,0.35294117647058826
36081014800,2,2,0,169.0,24.5,0.0
36081014900,10,9,4,133.0,33.7,0.4
36081015100,9,9,5,159.11111111111111,5.222222222222222,0.5555555555555556
36081015200,1,1,0,318.0,77.0,0.0
36081015300,18,16,6,210.72222222222223,48.72222222222222,0.3333333333333333
36081015500,25,19,7,129.08,8.8,0.28
36081015600,1,1,0,365.0,0.0,0.0
36081015700,11,10,5,134.0,18.818181818181817,0.45454545454545453
36081015801,3,3,2,227.0,71.66666666666667,0.6666666666666666
36081015802,5,3,1,354.0,21.0,0.2
36081015900,30,28,7,133.06666666666666,33.6,0.23333333333333334
36081016100,15,13,6,163.66666666666666,60.13333333333333,0.4
36081016300,5,5,2,76.4,26.0,0.4
36081016400,2,2,1,153.0,8.0,0.5
36081016600,4,3,1,346.5,18.25,0.25
36081016900,11,11,3,159.8181818181818,12.636363636363637,0.2727272727272727
36081017101,9,9,5,217.0,8.777777777777779,0.5555555555555556
36081017400,1,1,1,218.0,25.0,1.0
36081017901,5,5,1,120.0,30.0,0.2
36081018000,4,3,0,342.5,53.0,0.0
36081018101,18,18,10,126.38888888888889,24.22222222222222,0.5555555555555556
36081018102,7,7,2,102.57142857142857,55.142857142857146,0.2857142857142857
36081018200,9,7,2,240.88888888888889,45.44444444444444,0.2222222222222222
36081018300,32,23,17,137.84375,32.4375,0.53125
36081018401,5,2,0,307.6,14.2,0.0
36081018402,8,7,5,316.125,45.125,0.625
36081018501,15,10,3,95.0,11.6,0.2
36081018502,13,13,5,105.3076923076923,17.46153846153846,0.38461538461538464
36081018700,41,23,5,122.53658536585365,16.048780487804876,0.12195121951219512
36081018800,2,2,1,157.0,207.0,0.5
36081018900,43,19,5,70.23255813953489,23.813953488372093,0.11627906976744186
36081019000,3,3,1,124.0,233.66666666666666,0.3333333333333333
36081019200,4,4,2,226.5,10.0,0.5
36081019400,5,5,3,259.8,64.6,0.6
36081019600,2,2,1,291.0,42.0,0.5
36081019800,2,2,2,364.5,31.5,1.0
36081020400,3,3,1,239.0,15.666666666666666,0.3333333333333333
36081021400,13,12,6,232.84615384615384,61.23076923076923,0.46153846153846156
36081021602,4,2,0,263.25,30.75,0.0
36081022002,7,5,2,156.42857142857142,13.142857142857142,0.2857142857142857
36081023000,6,2,1,116.0,8.833333333333334,0.16666666666666666
36081023200,4,4,2,182.25,17.0,0.5
36081023502,7,5,3,216.28571428571428,36.142857142857146,0.42857142857142855
36081023600,6,4,6,303.5,6.333333333333333,1.0
36081023800,1,1,1,351.0,37.0,1.0
36081024300,12,11,5,110.08333333333333,51.833333333333336,0.4166666666666667
36081024500,5,5,1,212.2,41.2,0.2
36081024700,13,8,3,56.84615384615385,7.769230769230769,0.23076923076923078
36081024900,38,13,4,86.57894736842105,18.236842105263158,0.10526315789473684
36081025100,26,19,13,204.15384615384616,35.03846153846154,0.5
36081025301,33,25,18,173.96969696969697,17.484848484848484,0.5454545454545454
36081025302,15,14,6,179.93333333333334,56.86666666666667,0.4
36081025401,5,5,3,219.6,43.6,0.6
36081025402,3,3,1,18.0,0.3333333333333333,0.3333333333333333
36081025500,4,4,1,135.5,15.0,0.25
36081025700,9,5,1,260.3333333333333,4.222222222222222,0.1111111111111111
36081025800,7,7,2,235.28571428571428,21.714285714285715,0.2857142857142857
36081025900,8,8,2,91.875,3.375,0.25
36081026100,21,17,5,80.0952380952381,22.142857142857142,0.23809523809523808
36081026300,31,12,6,114.58064516129032,24.967741935483872,0.1935483870967742
36081026400,4,3,1,233.75,36.0,0.25
36081026501,40,8,1,49.075,1.6,0.025
36081026502,24,8,2,39.5,25.625,0.08333333333333333
36081026700,23,14,8,73.91304347826087,22.782608695652176,0.34782608695652173
36081026901,7,6,3,154.71428571428572,55.857142857142854,0.42857142857142855
36081026902,7,4,1,154.85714285714286,118.71428571428571,0.14285714285714285
36081027000,2,2,2,214.5,32.5,1.0
36081027101,4,3,1,199.5,104.25,0.25
36081027102,4,4,0,153.25,44.5,0.0
36081027200,2,2,1,358.0,2.0,0.5
36081027302,1,1,1,235.0,7.0,1.0
36081027400,5,3,0,145.6,9.6,0.0
36081027500,15,9,2,85.13333333333334,22.933333333333334,0.13333333333333333
36081027600,2,1,1,200.5,1.0,0.5
36081027701,20,6,0,20.75,1.5,0.0
36081027702,21,7,1,45.80952380952381,2.7142857142857144,0.047619047619047616
36081027800,1,1,1,364.0,19.0,1.0
36081027900,12,11,5,129.41666666666666,29.333333333333332,0.4166666666666667
36081028000,8,6,1,258.125,32.375,0.125
36081028100,13,11,3,124.61538461538461,28.076923076923077,0.23076923076923078
36081028200,7,3,2,151.85714285714286,62.285714285714285,0.2857142857142857
36081028300,6,6,0,182.66666666666666,17.833333333333332,0.0
36081028400,21,18,12,230.85714285714286,34.0,0.5714285714285714
36081028500,6,6,4,58.833333333333336,56.0,0.6666666666666666
36081028700,8,6,2,192.0,41.5,0.25
36081028801,8,4,2,218.0,43.5,0.25
36081028802,4,4,3,257.25,41.0,0.75
36081028803,2,2,1,188.5,41.0,0.5
36081028900,20,14,5,128.25,21.15,0.25
36081029400,32,21,7,251.875,162.71875,0.21875
36081029500,15,12,4,188.13333333333333,27.866666666666667,0.26666666666666666
36081030600,21,18,7,271.04761904761904,77.61904761904762,0.3333333333333333
36081030903,14,12,5,236.35714285714286,51.07142857142857,0.35714285714285715
36081030904,13,10,9,285.6923076923077,44.0,0.6923076923076923
36081032000,21,16,12,290.57142857142856,21.095238095238095,0.5714285714285714
36081032700,7,6,2,177.0,23.571428571428573,0.2857142857142857
36081032800,6,6,3,297.8333333333333,38.5,0.5
36081033000,22,19,11,233.54545454545453,76.5,0.5
36081033401,15,13,5,214.33333333333334,33.8,0.3333333333333333
36081033403,2,2,1,180.0,6.5,0.5
36081033405,6,5,2,241.66666666666666,42.166666666666664,0.3333333333333333
36081033700,13,12,7,169.3846153846154,37.53846153846154,0.5384615384615384
36081033900,3,3,0,187.0,51.333333333333336,0.0
36081035100,8,7,0,212.5,123.5,0.0
36081035200,7,4,2,323.85714285714283,35.714285714285715,0.2857142857142857
36081035300,4,4,1,240.25,27.75,0.25
36081035800,7,6,5,361.0,26.0,0.7142857142857143
36081036100,8,6,2,204.25,47.75,0.25
36081036300,10,7,4,160.8,142.2,0.4
36081036600,6,6,1,314.0,25.666666666666668,0.16666666666666666
36081036800,7,6,3,280.14285714285717,45.0,0.42857142857142855
36081037300,1,1,0,353.0,0.0,0.0
36081037501,2,2,0,182.5,11.0,0.0
36081037502,1,1,0,0.0,0.0,0.0
36081037600,22,13,12,263.22727272727275,33.72727272727273,0.5454545454545454
36081037700,6,6,0,151.5,2.3333333333333335,0.0
36081037900,5,5,2,137.4,36.8,0.4
36081039400,9,6,6,285.44444444444446,62.333333333333336,0.6666666666666666
36081039800,5,4,1,353.6,40.0,0.2
36081039901,2,2,1,184.5,68.0,0.5
36081039902,2,2,1,183.0,30.5,0.5
36081040000,3,3,3,211.0,34.333333333333336,1.0
36081040101,1,1,1,365.0,1.0,1.0
36081040102,1,1,0,179.0,209.0,0.0
36081040200,3,3,3,364.6666666666667,3.6666666666666665,1.0
36081040302,3,1,0,362.6666666666667,1.0,0.0
36081040400,8,8,4,185.25,32.625,0.5
36081040501,4,4,2,349.5,38.25,0.5
36081040502,3,1,2,361.6666666666667,1.6666666666666667,0.6666666666666666
36081040701,5,2,0,358.0,71.2,0.0
36081040702,1,1,1,365.0,8.0,1.0
36081040902,1,1,1,270.0,90.0,1.0
36081041100,5,3,1,195.0,47.0,0.2
36081041400,8,7,1,263.5,84.875,0.125
36081041500,2,2,0,364.5,8.5,0.0
36081042400,13,9,7,269.15384615384613,57.0,0.5384615384615384
36081042600,6,6,1,212.66666666666666,22.5,0.16666666666666666
36081042700,3,2,0,238.0,22.0,0.0
36081043200,2,2,0,352.5,57.0,0.0
36081043400,3,3,1,356.6666666666667,38.333333333333336,0.3333333333333333
36081043701,1,1,0,179.0,0.0,0.0
36081043702,3,3,1,267.0,48.666666666666664,0.3333333333333333
36081043900,2,2,2,204.5,56.5,1.0
36081044000,11,6,5,217.8181818181818,41.63636363636363,0.45454545454545453
36081044301,2,2,0,272.5,0.0,0.0
36081044302,12,8,3,164.75,67.25,0.25
36081044400,4,4,3,282.5,81.0,0.75
36081044602,2,2,2,272.5,41.5,1.0
36081044800,4,4,2,290.25,9.5,0.5
36081045000,1,1,0,364.0,0.0,0.0
36081045200,2,1,0,291.5,3.5,0.0
36081045500,7,6,1,41.142857142857146,35.714285714285715,0.14285714285714285
36081045600,1,1,1,342.0,4.0,1.0
36081045700,3,3,2,175.33333333333334,38.0,0.6666666666666666
36081045900,5,4,1,110.2,55.4,0.2
36081046100,1,1,0,0.0,23.0,0.0
36081046300,23,4,1,13.73913043478261,2.652173913043478,0.043478260869565216
36081046400,3,3,2,159.33333333333334,26.0,0.6666666666666666
36081046500,10,5,2,95.1,12.3,0.2
36081046700,7,3,1,161.42857142857142,48.285714285714285,0.14285714285714285
36081046800,5,2,4,82.2,19.4,0.8
36081046901,1,1,0,362.0,178.0,0.0
36081046902,5,5,1,139.6,7.4,0.2
36081047100,25,9,3,45.16,12.08,0.12
36081047200,2,2,1,174.5,44.0,0.5
36081047300,31,15,3,46.87096774193548,7.32258064516129,0.0967741935483871
36081047500,21,13,3,51.80952380952381,7.238095238095238,0.14285714285714285
36081047600,3,3,1,151.0,2.3333333333333335,0.3333333333333333
36081047900,15,10,4,80.53333333333333,6.466666666666667,0.26666666666666666
36081048100,6,5,3,197.66666666666666,26.0,0.5
36081048200,2,2,1,169.0,1.0,0.5
36081048301,16,7,2,58.0625,22.5625,0.125
36081048302,57,7,1,22.035087719298247,4.491228070175438,0.017543859649122806
36081048400,9,5,1,125.0,19.666666666666668,0.1111111111111111
36081048500,24,11,4,59.25,14.166666666666666,0.16666666666666666
36081048900,1,1,0,305.0,13.0,0.0
36081049202,1,1,0,0.0,4.0,0.0
36081049301,6,5,4,207.0,33.333333333333336,0.6666666666666666
36081049302,4,3,4,178.75,69.5,1.0
36081049600,2,2,1,182.0,42.5,0.5
36081049700,1,1,1,179.0,0.0,1.0
36081049900,10,7,3,151.4,3.2,0.3
36081050000,6,4,5,222.33333333333334,6.833333333333333,0.8333333333333334
36081050201,3,3,1,357.3333333333333,33.666666666666664,0.3333333333333333
36081050202,2,2,1,212.5,87.0,0.5
36081050400,9,5,3,145.33333333333334,34.888888888888886,0.3333333333333333
36081050500,25,4,0,50.76,1.44,0.0
36081050600,12,9,2,217.75,64.41666666666667,0.16666666666666666
36081050700,9,7,2,140.0,13.222222222222221,0.2222222222222222
36081050800,3,3,0,333.0,44.666666666666664,0.0
36081051100,2,2,1,170.5,1.0,0.5
36081051500,3,3,2,119.0,43.333333333333336,0.6666666666666666
36081051600,5,5,2,134.6,14.2,0.4
36081051700,4,3,1,239.25,82.75,0.25
36081051800,6,6,2,171.0,33.0,0.3333333333333333
36081052000,6,6,4,180.66666666666666,47.833333333333336,0.6666666666666666
36081052100,5,4,3,277.4,44.8,0.6
36081052200,7,5,2,257.14285714285717,32.57142857142857,0.2857142857142857
36081052400,1,1,0,279.0,5.0,0.0
36081052500,4,4,0,321.75,37.25,0.0
36081052600,8,6,0,187.25,12.125,0.0
36081052800,6,5,3,235.0,31.666666666666668,0.5
36081053000,2,2,2,211.5,47.0,1.0
36081053100,6,5,5,280.8333333333333,12.0,0.8333333333333334
36081053200,6,6,3,238.33333333333334,27.333333333333332,0.5
36081053401,3,1,3,299.3333333333333,11.333333333333334,1.0
36081053501,2,2,0,149.5,49.0,0.0
36081053601,6,5,3,253.83333333333334,30.166666666666668,0.5
36081053800,4,4,2,144.75,10.0,0.5
36081053901,16,15,7,143.25,26.4375,0.4375
36081053902,2,2,0,182.0,11.5,0.0
36081054000,11,9,8,301.3636363636364,28.90909090909091,0.7272727272727273
36081054200,2,2,1,182.0,33.5,0.5
36081054500,12,12,4,57.833333333333336,8.75,0.3333333333333333
36081054800,1,1,0,0.0,3.0,0.0
36081055100,59,15,4,278.06779661016947,3.135593220338983,0.06779661016949153
36081055200,3,3,1,240.0,42.333333333333336,0.3333333333333333
36081055400,2,2,1,135.0,10.5,0.5
36081055500,12,7,3,250.75,57.666666666666664,0.25
36081055600,1,1,0,251.0,13.0,0.0
36081055700,14,12,5,146.5,19.071428571428573,0.35714285714285715
36081055800,2,2,1,174.0,5.5,0.5
36081055900,10,10,6,189.1,13.3,0.6
36081056000,1,1,0,365.0,11.0,0.0
36081056400,4,3,4,264.5,97.25,1.0
36081056500,7,6,6,215.85714285714286,29.714285714285715,0.8571428571428571
36081056600,1,1,1,90.0,4.0,1.0
36081056700,9,5,0,280.44444444444446,5.0,0.0
36081056800,7,6,5,233.28571428571428,20.142857142857142,0.7142857142857143
36081057700,3,3,0,151.33333333333334,16.666666666666668,0.0
36081058000,6,6,6,272.8333333333333,36.666666666666664,1.0
36081058100,6,6,5,147.33333333333334,36.666666666666664,0.8333333333333334
36081058200,16,15,10,198.75,102.75,0.625
36081058300,14,12,7,209.64285714285714,10.857142857142858,0.5
36081058500,29,16,15,264.37931034482756,8.689655172413794,0.5172413793103449
36081058700,14,11,8,210.71428571428572,20.142857142857142,0.5714285714285714
36081058900,20,11,7,244.9,13.15,0.35
36081059000,2,2,0,364.0,7.0,0.0
36081059100,17,17,6,173.58823529411765,28.058823529411764,0.35294117647058826
36081059200,6,5,1,280.5,20.166666666666668,0.16666666666666666
36081059300,10,7,5,135.0,31.5,0.5
36081059400,7,5,3,315.14285714285717,56.285714285714285,0.42857142857142855
36081059501,10,3,2,299.4,22.4,0.2
36081059502,4,4,3,166.75,13.0,0.75
36081059600,1,1,1,201.0,110.0,1.0
36081059800,6,5,2,128.66666666666666,50.166666666666664,0.3333333333333333
36081060000,3,3,1,117.66666666666667,25.666666666666668,0.3333333333333333
36081060300,2,2,0,181.5,0.5,0.0
36081060600,2,2,2,182.5,4.5,1.0
36081060701,4,2,0,84.25,38.75,0.0
36081061200,2,2,1,226.0,19.0,0.5
36081061400,11,8,5,302.09090909090907,9.363636363636363,0.45454545454545453
36081061601,4,4,0,260.0,52.0,0.0
36081061602,6,5,4,280.8333333333333,25.5,0.6666666666666666
36081061800,4,3,3,250.0,26.75,0.75
36081061900,2,1,1,354.5,59.0,0.5
36081062000,4,4,1,272.25,30.5,0.25
36081062100,3,3,2,221.66666666666666,4.0,0.6666666666666666
36081062200,6,6,4,234.5,10.166666666666666,0.6666666666666666
36081062300,6,3,1,318.8333333333333,27.333333333333332,0.16666666666666666
36081062500,11,5,2,307.54545454545456,23.272727272727273,0.18181818181818182
36081062600,6,3,2,153.16666666666666,28.5,0.3333333333333333
36081062700,3,3,2,273.0,5.666666666666667,0.6666666666666666
36081062900,1,1,0,365.0,0.0,0.0
36081063000,2,2,1,206.5,138.5,0.5
36081063200,3,3,0,137.66666666666666,3.0,0.0
36081063301,5,3,5,334.6,46.8,1.0
36081063302,6,3,5,320.1666666666667,33.0,0.8333333333333334
36081063500,3,1,0,0.0,2.3333333333333335,0.0
36081063700,2,2,1,133.5,0.0,0.5
36081063800,4,3,1,252.25,75.0,0.25
36081063900,4,4,3,334.25,3.25,0.75
36081064101,2,2,0,356.5,78.0,0.0
36081064500,1,1,0,247.0,96.0,0.0
36081064600,9,7,1,235.22222222222223,8.666666666666666,0.1111111111111111
36081065000,9,6,2,169.0,38.666666666666664,0.2222222222222222
36081065401,8,7,7,223.875,24.5,0.875
36081065402,1,1,0,152.0,2.0,0.0
36081065501,1,1,1,159.0,9.0,1.0
36081065600,22,18,13,309.45454545454544,17.90909090909091,0.5909090909090909
36081065702,1,1,1,217.0,129.0,1.0
36081065703,1,1,1,365.0,2.0,1.0
36081065900,2,2,2,365.0,19.5,1.0
36081066000,8,8,4,221.375,53.625,0.5
36081066100,2,2,1,329.5,123.5,0.5
36081066401,11,9,4,246.8181818181818,103.45454545454545,0.36363636363636365
36081066402,12,11,8,270.3333333333333,42.416666666666664,0.6666666666666666
36081066403,12,11,7,211.33333333333334,17.833333333333332,0.5833333333333334
36081066404,2,2,2,357.0,0.0,1.0
36081066501,1,1,1,360.0,82.0,1.0
36081066701,7,7,3,260.42857142857144,79.28571428571429,0.42857142857142855
36081067100,1,1,1,347.0,27.0,1.0
36081067700,1,1,1,365.0,16.0,1.0
36081068000,20,18,8,265.0,39.7,0.4
36081068200,7,6,3,217.42857142857142,22.0,0.42857142857142855
36081068300,4,3,0,0.0,13.5,0.0
36081069000,12,12,10,267.3333333333333,56.166666666666664,0.8333333333333334
36081069300,1,1,0,0.0,0.0,0.0
36081069400,15,15,11,242.66666666666666,31.8,0.7333333333333333
36081069500,2,2,1,165.5,20.5,0.5
36081069701,13,6,2,88.6923076923077,13.923076923076923,0.15384615384615385
36081069702,5,3,4,312.4,57.0,0.8
36081070300,3,3,1,243.33333333333334,5.333333333333333,0.3333333333333333
36081070700,5,5,1,154.8,78.0,0.2
36081070900,2,2,1,182.5,8.0,0.5
36081071100,10,9,2,38.9,11.4,0.2
36081071304,5,4,3,73.0,60.0,0.6
36081071306,17,10,2,88.82352941176471,5.9411764705882355,0.11764705882352941
36081071600,1,1,0,260.0,98.0,0.0
36081071701,4,4,1,177.5,34.75,0.25
36081071702,4,4,1,201.25,8.75,0.25
36081071900,11,9,7,223.72727272727272,75.72727272727273,0.6363636363636364
36081072100,2,2,0,0.0,1.5,0.0
36081072300,4,4,1,152.25,1.25,0.25
36081072900,8,6,3,120.375,52.0,0.375
36081073100,5,5,3,115.2,18.0,0.6
36081073700,5,5,2,24.4,8.8,0.4
36081073900,5,5,1,124.6,18.0,0.2
36081074100,3,3,3,90.0,7.333333333333333,1.0
36081074300,9,3,7,261.22222222222223,2.0,0.7777777777777778
36081074500,3,3,2,91.33333333333333,28.0,0.6666666666666666
36081075701,7,7,4,145.14285714285714,15.428571428571429,0.5714285714285714
36081075702,1,1,0,89.0,0.0,0.0
36081076902,4,3,1,196.75,32.75,0.25
36081077300,1,1,0,0.0,1.0,0.0
36081077500,12,4,3,214.58333333333334,16.583333333333332,0.25
36081077902,5,5,5,120.6,4.8,1.0
36081077903,3,3,1,293.0,17.666666666666668,0.3333333333333333
36081077904,6,5,2,268.5,9.666666666666666,0.3333333333333333
36081077905,2,2,2,365.0,70.5,1.0
36081077906,2,1,2,321.0,38.5,1.0
36081077907,2,2,2,62.5,116.5,1.0
36081077908,2,2,1,182.5,20.5,0.5
36081078800,9,6,7,245.77777777777777,23.666666666666668,0.7777777777777778
36081079000,13,5,0,125.92307692307692,56.38461538461539,0.0
36081079200,2,1,0,317.5,21.0,0.0
36081079300,2,2,1,344.0,25.5,0.5
36081079701,2,2,0,171.5,12.0,0.0
36081079702,7,4,3,233.42857142857142,13.714285714285714,0.42857142857142855
36081079900,21,12,11,271.0,34.57142857142857,0.5238095238095238
36081080301,8,6,5,207.0,31.0,0.625
36081080302,11,9,6,151.9090909090909,33.36363636363637,0.5454545454545454
36081080900,3,3,2,89.66666666666667,3.0,0.6666666666666666
36081081400,2,2,1,317.5,0.0,0.5
36081081800,8,8,4,296.125,24.75,0.5
36081083700,11,8,3,218.27272727272728,14.363636363636363,0.2727272727272727
36081083800,4,4,1,357.5,32.25,0.25
36081084000,10,6,0,260.7,225.9,0.0
36081084500,3,2,0,327.0,37.333333333333336,0.0
36081084601,3,3,0,273.0,149.0,0.0
36081084602,12,9,3,326.0833333333333,26.166666666666668,0.25
36081084901,33,11,6,37.27272727272727,5.787878787878788,0.18181818181818182
36081084902,9,6,5,33.111111111111114,74.44444444444444,0.5555555555555556
36081085300,2,2,1,175.0,34.0,0.5
36081085500,5,4,2,241.4,130.6,0.4
36081085700,13,7,2,54.61538461538461,35.61538461538461,0.15384615384615385
36081085900,13,10,3,201.23076923076923,76.84615384615384,0.23076923076923078
36081086100,9,7,2,239.22222222222223,66.0,0.2222222222222222
36081086300,11,8,3,168.54545454545453,55.45454545454545,0.2727272727272727
36081086400,4,4,2,177.0,31.5,0.5
36081086500,8,8,3,126.125,18.75,0.375
36081087100,53,15,10,121.73584905660377,27.62264150943396,0.18867924528301888
36081088400,10,8,5,284.1,59.0,0.5
36081088903,2,2,0,263.5,71.5,0.0
36081089201,9,7,4,219.22222222222223,30.333333333333332,0.4444444444444444
36081089202,1,1,0,0.0,0.0,0.0
36081090700,5,4,1,161.2,39.8,0.2
36081091800,7,2,2,333.2857142857143,16.285714285714285,0.2857142857142857
36081091900,6,6,3,171.5,64.16666666666667,0.5
36081092200,2,2,2,223.5,14.5,1.0
36081092500,8,7,4,189.125,56.375,0.5
36081092800,2,2,2,364.5,13.5,1.0
36081092900,15,13,7,216.4,11.733333333333333,0.4666666666666667
36081094201,6,5,4,206.83333333333334,82.66666666666667,0.6666666666666666
36081094202,37,23,25,206.40540540540542,42.86486486486486,0.6756756756756757
36081094203,12,12,9,196.41666666666666,21.833333333333332,0.75
36081094700,8,6,2,228.125,27.0,0.25
36081095400,35,25,19,246.2,31.457142857142856,0.5428571428571428
36081096400,46,35,28,232.04347826086956,42.82608695652174,0.6086956521739131
36081097206,2,1,0,365.0,0.5,0.0
36081099200,10,9,6,298.3,44.1,0.6
36081099701,1,1,0,339.0,56.0,0.0
36081099703,3,2,1,128.0,22.0,0.3333333333333333
36081099704,1,1,1,0.0,94.0,1.0
36081099802,11,10,7,234.0909090909091,6.636363636363637,0.6363636363636364
36081100801,5,4,1,269.2,69.6,0.2
36081100804,3,3,2,241.66666666666666,15.0,0.6666666666666666
36081101002,3,3,3,301.6666666666667,12.0,1.0
36081101004,5,5,3,144.4,48.0,0.6
36081102900,3,2,1,21.666666666666668,86.0,0.3333333333333333
36081103201,7,3,2,237.28571428571428,6.0,0.2857142857142857
36081103202,7,2,6,321.0,6.285714285714286,0.8571428571428571
36081103300,2,2,2,232.0,50.0,1.0
36081103900,9,4,5,249.66666666666666,51.22222222222222,0.5555555555555556
36081109300,7,4,1,183.42857142857142,17.428571428571427,0.14285714285714285
36081109700,3,3,1,157.0,23.333333333333332,0.3333333333333333
36081111300,3,3,2,149.66666666666666,23.333333333333332,0.6666666666666666
36081112300,3,2,3,316.6666666666667,91.0,1.0
36081112900,4,2,2,162.5,6.0,0.5
36081113900,1,1,1,0.0,28.0,1.0
36081114100,4,3,1,161.25,16.25,0.25
36081114700,2,2,0,12.0,21.5,0.0
36081115100,1,1,0,188.0,16.0,0.0
36081115500,3,3,2,222.0,10.0,0.6666666666666666
36081115900,2,2,0,171.0,79.5,0.0
36081116100,4,3,0,135.75,14.25,0.0
36081116301,16,4,1,15.3125,1.1875,0.0625
36081116302,4,2,0,5.75,10.5,0.0
36081116700,1,1,0,179.0,1.0,0.0
36081117100,10,6,2,277.2,15.5,0.2
36081117500,9,7,4,203.0,1.2222222222222223,0.4444444444444444
36081118500,6,4,1,184.5,13.333333333333334,0.16666666666666666
36081118700,5,3,0,267.4,87.6,0.0
36081118900,4,3,1,119.0,7.0,0.25
36081119100,12,8,4,175.08333333333334,25.416666666666668,0.3333333333333333
36081119300,5,2,0,237.4,4.2,0.0
36081119500,5,3,1,284.8,69.2,0.2
36081119900,4,3,3,148.75,97.0,0.75
36081120100,2,1,0,217.0,36.5,0.0
36081120500,2,1,0,126.0,3.0,0.0
36081120701,2,2,2,173.5,6.5,1.0
36081121500,7,4,1,287.85714285714283,6.142857142857143,0.14285714285714285
36081122300,4,4,3,174.25,34.0,0.75
36081122702,10,5,0,214.8,21.7,0.0
36081122703,4,4,1,90.75,6.25,0.25
36081122704,7,4,0,113.71428571428571,15.142857142857142,0.0
36081124100,4,4,2,185.0,132.75,0.5
36081124700,5,4,2,82.4,78.0,0.4
36081125700,6,6,1,199.16666666666666,30.166666666666668,0.16666666666666666
36081126700,9,5,1,296.0,10.11111111111111,0.1111111111111111
36081127700,4,3,1,252.25,14.0,0.25
36081129102,2,2,2,307.0,0.0,1.0
36081130100,5,4,5,283.4,29.0,1.0
36081133300,1,1,1,278.0,25.0,1.0
36081133900,2,2,0,31.0,28.0,0.0
36081134100,7,5,2,236.42857142857142,40.714285714285715,0.2857142857142857
36081134701,2,1,0,162.0,32.0,0.0
36081134702,2,2,1,182.5,0.0,0.5
36081136700,3,2,2,351.3333333333333,13.666666666666666,0.6666666666666666
36081137700,1,1,1,269.0,0.0,1.0
36081138501,2,2,1,182.5,42.5,0.5
36081140300,1,1,1,351.0,20.0,1.0
36081140901,1,1,1,139.0,1.0,1.0
36081140902,3,3,1,351.3333333333333,3.6666666666666665,0.3333333333333333
36081141700,10,4,0,228.0,21.2,0.0
36081142900,11,2,3,218.63636363636363,16.363636363636363,0.2727272727272727
36081143500,1,1,1,333.0,3.0,1.0
36081144100,1,1,0,0.0,86.0,0.0
36081144700,5,3,2,29.8,152.2,0.4
36081145101,1,1,0,279.0,14.0,0.0
36081146700,9,4,8,251.77777777777777,27.88888888888889,0.8888888888888888
36081147900,2,2,1,160.0,61.0,0.5
36081148300,1,1,1,87.0,101.0,1.0
36081150702,4,2,0,74.5,51.0,0.0
36081155103,1,1,0,362.0,0.0,0.0
36081157101,3,3,2,265.3333333333333,40.333333333333336,0.6666666666666666
36081161700,4,3,4,173.25,24.0,1.0
36081162100,6,6,2,163.16666666666666,14.0,0.3333333333333333
36085000300,1,1,1,33.0,76.0,1.0
36085000600,3,3,1,170.0,59.666666666666664,0.3333333333333333
36085000700,15,11,8,253.0,79.53333333333333,0.5333333333333333
36085000800,4,3,2,301.0,48.0,0.5
36085000900,5,5,2,312.2,79.4,0.4
36085001100,9,6,4,170.44444444444446,15.88888888888889,0.4444444444444444
36085001700,13,8,7,248.07692307692307,44.92307692307692,0.5384615384615384
36085002002,2,2,2,130.5,58.0,1.0
36085002100,17,12,5,266.70588235294116,43.294117647058826,0.29411764705882354
36085002700,2,2,1,184.5,23.5,0.5
36085002900,4,3,1,193.5,120.5,0.25
36085003300,16,11,8,246.5625,30.75,0.5
36085004001,4,4,0,213.25,95.75,0.0
36085004002,1,1,0,365.0,147.0,0.0
36085005000,3,2,1,241.0,23.666666666666668,0.3333333333333333
36085005901,7,5,4,158.85714285714286,69.14285714285714,0.5714285714285714
36085005902,1,1,1,0.0,22.0,1.0
36085007001,1,1,1,336.0,34.0,1.0
36085007002,11,7,8,301.72727272727275,40.18181818181818,0.7272727272727273
36085007400,4,4,3,340.5,10.75,0.75
36085007700,6,4,2,200.5,40.333333333333336,0.3333333333333333
36085008100,12,10,3,239.08333333333334,53.666666666666664,0.25
36085009701,1,1,0,289.0,225.0,0.0
36085010500,17,8,6,255.1764705882353,16.0,0.35294117647058826
36085011201,5,5,3,246.0,59.2,0.6
36085011203,5,5,3,200.4,18.2,0.6
36085011204,1,1,0,354.0,116.0,0.0
36085011401,1,1,1,365.0,0.0,1.0
36085012100,4,4,1,271.75,5.25,0.25
36085012200,15,4,3,154.8,6.933333333333334,0.2
36085012500,3,3,3,207.0,87.66666666666667,1.0
36085012804,3,2,1,240.66666666666666,135.66666666666666,0.3333333333333333
36085013203,1,1,0,129.0,168.0,0.0
36085013302,3,3,1,319.3333333333333,12.333333333333334,0.3333333333333333
36085013400,1,1,1,0.0,0.0,1.0
36085014100,4,2,1,234.25,2.5,0.25
36085014700,2,2,1,139.0,1.0,0.5
36085015603,2,2,1,40.0,9.5,0.5
36085016901,1,1,0,0.0,0.0,0.0
36085017009,2,1,0,365.0,2.0,0.0
36085017012,3,3,2,238.0,17.666666666666668,0.6666666666666666
36085017014,3,2,3,298.0,1.6666666666666667,1.0
36085017300,2,1,1,268.0,36.5,0.5
36085017701,1,1,1,358.0,1.0,1.0
36085017702,1,1,0,365.0,0.0,0.0
36085018703,1,1,1,347.0,5.0,1.0
36085018901,2,2,1,317.0,0.0,0.5
36085018902,5,4,3,161.2,2.4,0.6
36085019700,1,1,1,365.0,19.0,1.0
36085020100,6,3,1,356.3333333333333,6.0,0.16666666666666666
36085020701,1,1,1,308.0,2.0,1.0
36085020702,2,2,0,350.0,15.0,0.0
36085021300,7,6,1,251.14285714285714,13.714285714285714,0.14285714285714285
36085022300,2,2,2,244.0,11.5,1.0
36085023100,6,6,1,255.66666666666666,67.83333333333333,0.16666666666666666
36085023900,5,2,2,188.6,13.8,0.4
36085024401,3,3,3,284.0,51.0,1.0
36085024700,1,1,1,44.0,36.0,1.0
36085025100,1,1,0,365.0,111.0,0.0
36085027301,1,1,0,349.0,130.0,0.0
36085027302,2,2,2,359.0,27.5,1.0
36085027704,1,1,1,236.0,29.0,1.0
36085027706,1,1,0,0.0,8.0,0.0
36085029104,5,4,1,267.2,19.8,0.2
36085029105,2,2,2,182.5,18.0,1.0
36085030302,3,3,2,266.6666666666667,25.0,0.6666666666666666
36085031901,2,2,0,365.0,1.5,0.0
36085031902,8,6,2,317.125,18.25,0.25
36085032300,4,3,3,243.25,11.5,0.75
